Antibody_Name_Norm;Radioisotope_Norm;Chelator_Norm;Target_Antigen_Norm;Antibody_Format_Norm;Asset_Owner_Norm;Linker_Technology_Norm;Isotope_Family;Format_Family;Target_Family;Category;N_Trials;First_Year;Latest_Year;Highest_Phase_Norm;Trial_NCT_IDs;Asset_Names;Program_Status;Owner_Notes;Owner_Source_URL
11-1F4;I-124;Direct radioiodination;Amyloid light chain fibrils;Full-length IgG;University of Tennessee;Direct radioiodination;PET;Full-length IgG;Amyloid;Diagnostic;1;2008;2008;Phase 1;NCT01815086;124I-mAb 11-1F4;;;
3A12;"Zr-89; F-18; Ga-68";"DFO (Zr-89); RESCA (F-18); NOTA (Ga-68)";"Trop-2; Unknown";Full-length IgG;RenJi Hospital;Direct conjugation;PET;Full-length IgG;Epithelial tumor-associated antigen;Diagnostic;1;2024;2024;;NCT06602037;"[89Zr]Zr-DFO-SHR1920; [18F]F-RESCA-3A12; [68Ga]Ga-NOTA-3A12";Active;"3A12 identity unclear; not a Hengrui antibody despite appearing in the same multi-agent immunoPET trial (NCT06602037). Academic IIT at RenJi Hospital.";https://pmc.ncbi.nlm.nih.gov/articles/PMC8586637/
3BNC117;Cu-64;MeCOSar;HIV gp120;Full-length IgG;Rockefeller University;Direct conjugation;PET;Full-length IgG;Other;Diagnostic;1;2018;2018;Phase 1;NCT03063788;3BNC117-Copper-64;;;
3BNC117;I-123;Direct radioiodination;HIV gp120;Full-length IgG;University of Lausanne Hospitals;Direct radioiodination;SPECT;Full-length IgG;Other;Diagnostic;1;2018;2018;Early Phase 1;NCT03468582;123I-3BNC117;;;
3F8;I-131;Direct radioiodination;GD2;Full-length IgG;Memorial Sloan Kettering Cancer Center;Direct radioiodination;Beta emitter;Full-length IgG;Carbohydrate / glycolipid antigen;Therapeutic;5;1995;2006;Phase 2;"NCT00002634; NCT00003022; NCT00058370; NCT00445965; NCT00450827";131I-3F8;;;
5B1;Lu-177;CHX-A''-DTPA;CA19-9;Full-length IgG;BioNTech;Site-specific conjugation;Beta emitter;Full-length IgG;Carbohydrate / glycolipid antigen;Therapeutic;1;2017;2017;Phase 1;NCT03118349;MVT-1075 (177Lu-5B1);Unknown;"BioNTech anti-CA19-9 antibody (5B1); development status not confirmed; acquired from MSK/Wistar Institute.";https://pubs.acs.org/doi/10.1021/acs.jmedchem.3c00001
6A10;Lu-177;CHX-A''-DTPA;Carbonic anhydrase XII (CA XII);Fab fragment;Helmholtz Zentrum Muenchen / ITM Oncologics;Direct conjugation;Beta emitter;mAb Fragment;Tissue-restricted tumor antigen;Therapeutic;1;2024;2024;Phase 1;NCT05533242;LuCaFab (177Lu-6A10-Fab);;;
7E11-C5.3;Lu-177;DOTA;PSMA;Full-length IgG;EUSA Pharma Inc.;Direct conjugation;Beta emitter;Full-length IgG;Tissue-restricted tumor antigen;Therapeutic;1;2007;2007;Phase 1;NCT00441571;177Lu-CYT-500 (177Lu-meO-DOTA-7E11);Discontinued;"7E11-C5.3 (ProstaScint antibody) Lu-177 therapeutic variant; high myelotoxicity led to discontinuation. EUSA Pharma acquired Cytogen Corporation (2010).";https://www.fiercebiotech.com/biotech/eusa-pharma-completes-acquisition-of-cytogen-corporation
81C6;I-131;Direct radioiodination;Tenascin-C;Full-length IgG;"Bradmer Pharmaceuticals Inc.; Duke University; Duke University (Darell Bigner lab)";Direct radioiodination;Beta emitter;Full-length IgG;Stromal / ECM;Therapeutic;5;1991;2008;Phase 3;"NCT00002752; NCT00002753; NCT00003478; NCT00003484; NCT00615186";"131I-81C6; 131I-81C6 (anti-tenascin); I-131-MAb-81C6; Neuradiab (131I-81C6)";Discontinued;"Duke University (Darell Bigner lab) anti-tenascin ch81C6 antibody; clinical program discontinued.";https://openmedscience.com/iodine-131-monoclonal-antibody-81c6/
81C6 (chimeric, ch81C6);At-211;SAB prosthetic group;Tenascin-C;Full-length IgG;Duke University;Direct conjugation;Alpha emitter;Full-length IgG;Stromal / ECM;Therapeutic;1;1998;1998;Phase 1/2;NCT00003461;At-211-ch81C6;;;
8H9;I-131;Direct radioiodination;B7-H3;Full-length IgG;Memorial Sloan Kettering Cancer Center;Direct radioiodination;Beta emitter;Full-length IgG;Immune checkpoint;Therapeutic;1;2001;2001;;NCT00582608;131I-8H9;;;
;Ga-68;NOTA;CD70;Antibody fragment;Union Hospital, Tongji Medical College, Huazhong University of Science and Technology;Direct conjugation;PET;mAb Fragment;Other tumor surface antigen;Diagnostic;1;2025;2025;;NCT07301827;[68Ga]Ga-NOTA-CD70 antibody fragment;;;
;Ga-68;NOTA;CLDN18.2;Antibody fragment;Union Hospital, Tongji Medical College, Huazhong University of Science and Technology;Direct conjugation;PET;mAb Fragment;Epithelial tumor-associated antigen;Diagnostic;1;2025;2025;;NCT07301814;[68Ga]Ga-CLDN18.2 antibody fragment;;;
;Ac-225;;GPC3;Full-length IgG;Bayer;Direct conjugation;Alpha emitter;Full-length IgG;Tissue-restricted tumor antigen;Therapeutic;1;2025;2025;Phase 1;NCT06764316;BAY 3547926;;;
;Zr-89;DFO;GPC3;Full-length IgG;Bayer;Direct conjugation;PET;Full-length IgG;Tissue-restricted tumor antigen;Diagnostic;1;2024;2024;Phase 1;NCT06345001;BAY3630942 / BAY3547922;Unknown;"Bayer anti-GPC3 antibody Zr-89 immunoPET program (hepatocellular carcinoma); development status not confirmed as of 2026-03-25.";https://www.bayer.com/en/us/news-stories/phase-i-study-hepatocellular-carcinoma
;Ga-68;NOTA;Nectin-4;Antibody fragment;Union Hospital, Tongji Medical College, Huazhong University of Science and Technology;Direct conjugation;PET;mAb Fragment;Epithelial tumor-associated antigen;Diagnostic;1;2025;2025;;NCT06994078;68Ga-NOTA-Nectin-4 antibody fragment;;;
;I-131;Direct radioiodination;PSMA;Full-length IgG;Telix Pharmaceuticals;Direct radioiodination;Beta emitter;Full-length IgG;Tissue-restricted tumor antigen;Therapeutic;1;2023;2023;Phase 1;ACTRN12623000216617;TLX591;Unknown;"Telix Pharmaceuticals anti-PSMA antibody I-131 program; development status not confirmed as of 2026-03-25.";https://telixpharma.com/news-views/first-patient-dosed-in-phase-iii-prostact-global-study-of-antibody-based-prostate-can
;I-124;Direct radioiodination;Thomsen-Friedenreich antigen;Full-length IgG;Peking University Cancer Hospital & Institute;Direct radioiodination;PET;Full-length IgG;Carbohydrate / glycolipid antigen;Diagnostic;1;2025;2025;;NCT06755086;124I-anti-TF-antigen mAb;Unknown;"Peking University Cancer Hospital academic IIT; I-124 antibody targeting Thomsen-Friedenreich antigen.";
ABD147;Ac-225;Linker-chelator (proprietary);DLL3;Nanobody;Abdera Therapeutics Inc.;Site-specific conjugation;Alpha emitter;Small Ab-derived scaffold;Other tumor surface antigen;Therapeutic;1;2025;2025;Phase 1;NCT06736418;225Ac-ABD147;;;
ABD147;In-111;DOTA;DLL3;Nanobody;Abdera Therapeutics Inc.;Direct conjugation;SPECT;Small Ab-derived scaffold;Other tumor surface antigen;Diagnostic;1;2025;2025;Early Phase 1;NCT07052760;111In-ABD147;;;
ABS011;Ga-68;NOTA;HER2;Nanobody;Abscint NV/SA;Direct conjugation;PET;Small Ab-derived scaffold;RTK;Diagnostic;1;2024;2024;Phase 2;NCT06369831;68Ga-ABS011 (68Ga-NOTA-ABSCINT-HER2);;;
ABY-025;Ga-68;DOTA;HER2;Affibody;Affibody AB;Direct conjugation;PET;Non-Ab protein scaffold;RTK;Diagnostic;6;2011;2026;Phase 2;"NCT01858116; NCT02095210; NCT03655353; NCT05619016; NCT06828588; NCT06830382";"68Ga-ABY-025; [68Ga]ABY-025; [68Ga]Ga-ABY-025";;;
ABY-025;In-111;DOTA;HER2;Affibody;Affibody AB;Direct conjugation;SPECT;Non-Ab protein scaffold;RTK;Diagnostic;1;2010;2010;Phase 1/2;NCT01216033;111In-ABY-025;;;
ABY-030;F-18;NOTA;EGFR;Affibody;Vanderbilt-Ingram Cancer Center;Direct conjugation;PET;Non-Ab protein scaffold;RTK;Diagnostic;1;2026;2026;Phase 1;NCT07217028;18F-NOTA-ABY-030;;;
ABY-271;Lu-177;;HER2;Affibody;Affibody AB;;Beta emitter;Non-Ab protein scaffold;RTK;Therapeutic;1;2025;2025;Phase 1;NCT07081555;[177Lu]Lu-ABY-271;;;
AHN-12;Y-90;DTPA;CD45;Full-length IgG;"Masonic Cancer Center, University of Minnesota; University of Minnesota";Direct conjugation;Beta emitter;Full-length IgG;Hematologic lineage marker;Therapeutic;2;2005;2013;Phase 1;"NCT00618696; NCT01207076";"90Y-AHN-12; Yttrium Y 90 anti-CD45 monoclonal antibody AHN-12";;;
AKIR001;Lu-177;DOTA;CD44v6;Full-length IgG;Karolinska University Hospital;Direct conjugation;Beta emitter;Full-length IgG;Epithelial tumor-associated antigen;Therapeutic;1;2026;2026;Early Phase 1;NCT06639191;[177Lu]Lu-AKIR001;;;
Amatuximab (MORAb-009);In-111;DTPA;Mesothelin;Full-length IgG;"Morphotek; National Cancer Institute (NCI)";Direct conjugation;SPECT;Full-length IgG;Other tumor surface antigen;Diagnostic;2;2011;2011;Phase 1;"NCT01413451; NCT01521325";111In-amatuximab (MORAb-009);;;
AMG211;Zr-89;DFO;CEA;Bispecific antibody;University Medical Center Groningen;Direct conjugation;PET;Bispecific;Epithelial tumor-associated antigen;Diagnostic;1;2016;2016;Phase 1;NCT02760199;89Zr-AMG211;Discontinued;"IIT at UMCG (NCT03257631); AMG211 (anti-CEA/CD3 BiTE) was Amgen compound. Amgen terminated the AMG211 program; UMCG-sponsored IIT now discontinued.";https://en.wikipedia.org/wiki/AMG_211
Anetumab;Th-227;3,2-HOPO;Mesothelin;Full-length IgG;Bayer;Direct conjugation;Alpha emitter;Full-length IgG;Other tumor surface antigen;Therapeutic;1;2018;2018;Phase 1;NCT03507452;BAY2287411;;;
Anti-B1 (tositumomab);I-131;Direct radioiodination;CD20;Full-length IgG;University of Nebraska;Direct radioiodination;Beta emitter;Full-length IgG;Hematologic lineage marker;Therapeutic;1;1996;1996;Phase 1;NCT00574509;131I-Anti-B1 (131I-tositumomab equivalent);;;
Anti-CD4 Fab';Tc-99m;;CD4;Fab fragment;Technische Universitat Dresden;Direct conjugation;SPECT;mAb Fragment;Immune cell imaging marker;Diagnostic;1;2015;2015;Phase 2;NCT00904254;EP 1645 (99mTc-anti-CD4 Fab');;;
Anti-CEA x anti-DTPA BsMAb;I-131;DTPA;CEA;Bispecific antibody;Nantes University Hospital;Bispecific pretargeting;Beta emitter;Bispecific;Epithelial tumor-associated antigen;Therapeutic;1;2004;2004;Phase 2;NCT00467506;Anti-CEA x anti-DTPA bispecific antibody + di-DTPA-131I;;;
Anti-MMR-VHH2;Ga-68;NOTA;MMR (Macrophage Mannose Receptor);Nanobody;Universitair Ziekenhuis Brussel;Direct conjugation;PET;Small Ab-derived scaffold;;Diagnostic;1;2019;2019;Phase 1/2;NCT04168528;68Ga-NOTA-Anti-MMR-VHH2;;;
anti-Tac;Y-90;DTPA;CD25;Full-length IgG;National Cancer Institute (NCI);Direct conjugation;Beta emitter;Full-length IgG;Hematologic lineage marker;Therapeutic;1;1989;1989;Phase 1;NCT00001249;90Y-anti-Tac;;;
AP011;Tc-99m;Direct labeling (Tc-99m);Fibrin (thrombus);F(ab')2 fragment;Agen Biomedical;Direct radioiodination;SPECT;mAb Fragment;Vascular / angiogenesis;Diagnostic;1;2005;2005;Phase 2;NCT00123734;[99mTc]ThromboView;Discontinued;"Agen Biomedical; early diagnostic program; discontinued.";https://pmc.ncbi.nlm.nih.gov/articles/PMC5684589/
apamistamab (BC8);At-211;B10;CD45;Full-length IgG;Fred Hutchinson Cancer Center;Site-specific conjugation;Alpha emitter;Full-length IgG;Hematologic lineage marker;Therapeutic;1;2019;2019;Phase 1/2;NCT03670966;211At-BC8-B10;;;
apamistamab (BC8);I-131;Direct radioiodination;CD45;Full-length IgG;"Actinium Pharmaceuticals; Fred Hutchinson Cancer Center";Direct radioiodination;Beta emitter;Full-length IgG;Hematologic lineage marker;Therapeutic;11;1993;2026;Phase 3;"NCT00002554; NCT00003868; NCT00005940; NCT00008177; NCT00119366; NCT00589316; NCT00860171; NCT02665065; NCT06768905; NCT07015684; NCT07157514";"131I-BC8; 131I-BC8 (anti-CD45); Iomab-B (131I-apamistamab)";;;
apamistamab (BC8);Y-90;DOTA;CD45;Full-length IgG;Fred Hutchinson Cancer Center;Direct conjugation;Beta emitter;Full-length IgG;Hematologic lineage marker;Therapeutic;5;1999;2013;Phase 1/2;"NCT00988715; NCT01300572; NCT01503242; NCT01678443; NCT01921387";"90Y-BC8-DOTA (anti-CD45); 90Y-DOTA-BC8 (anti-CD45); BC8-SA / 90Y-DOTA-biotin (pretargeted RIT)";;;
APOMAB;Zr-89;;;Full-length IgG;Central Adelaide Local Health Network;;PET;Full-length IgG;;Diagnostic;1;2020;2020;Phase 1;ACTRN12620000622909;89Zr-APOMAB;;;
Arcitumomab (IMMU-4);Tc-99m;Direct labeling (Tc-99m);CEA;F(ab')2 fragment;Gilead Sciences;Direct conjugation;SPECT;mAb Fragment;Epithelial tumor-associated antigen;Diagnostic;1;1997;1997;Phase 2;NCT00001568;Arcitumomab (IMMU-4);Discontinued;Arcitumomab (CEA-Scan) was Immunomedics' FDA-approved colorectal cancer imaging agent (1996). No longer marketed. Asset passed to Gilead via Immunomedics acquisition (2020).;https://en.wikipedia.org/wiki/Technetium_(99mTc)_arcitumomab
atezolizumab;Zr-89;DFO;PD-L1;Full-length IgG;"Karolinska University Hospital; Roche/Genentech";Direct conjugation;PET;Full-length IgG;Immune checkpoint;Diagnostic;4;2019;2023;Phase 2;"NCT03850028; NCT04006522; NCT04222426; NCT05742269";"89Zr-DFO-Atezolizumab; 89Zr-atezolizumab";;;
avelumab;Zr-89;DFO;PD-L1;Full-length IgG;Merck KGaA;Direct conjugation;PET;Full-length IgG;Immune checkpoint;Diagnostic;1;2018;2018;Phase 1;NCT03514719;89Zr-avelumab;;;
AZD2284;Ac-225;DOTA;STEAP2;Full-length IgG;AstraZeneca;Direct conjugation;Alpha emitter;Full-length IgG;Tissue-restricted tumor antigen;Therapeutic;1;2025;2025;Phase 1;NCT06879041;[225Ac]-AZD2284;;;
B-B4 (BB4);I-131;Direct radioiodination;CD138;Full-length IgG;Centre Rene Gauducheau;Direct radioiodination;Beta emitter;Full-length IgG;Hematologic lineage marker;Therapeutic;1;2011;2011;Phase 1;NCT01296204;131I-B-B4;;;
B3;Y-90;DTPA;Lewis Y;Full-length IgG;National Cancer Institute (NCI);Direct conjugation;Beta emitter;Full-length IgG;Carbohydrate / glycolipid antigen;Therapeutic;1;2001;2001;Phase 1;NCT00020410;90Y-MOAB B3;;;
B9E9;Y-90;DOTA;CD20;scFv;Fred Hutchinson Cancer Center;Biotin-streptavidin pretargeting;Beta emitter;mAb Fragment;Hematologic lineage marker;Therapeutic;1;2017;2017;Phase 1;NCT02483000;B9E9 scFv-SA / 90Y-DOTA-biotin (pretargeted anti-CD20 RIT);;;
basiliximab;I-131;direct labeling;CD25;Full-length IgG;South Metropolitan Area Health Service WA;Direct radioiodination;Beta emitter;Full-length IgG;Hematologic lineage marker;Therapeutic;1;2005;2005;Phase 1/2;ACTRN12605000802606;131I-basiliximab;;;
basiliximab;Y-90;DOTA;CD25;Full-length IgG;City of Hope Medical Center;Direct conjugation;Beta emitter;Full-length IgG;Hematologic lineage marker;Therapeutic;4;2012;2022;Phase 2;"NCT01476839; NCT02342782; NCT04871607; NCT05139004";"90Y-DOTA-anti-CD25 basiliximab; 90Y-basiliximab; 90Y-basiliximab/DOTA; Yttrium Y 90 Basiliximab";;;
BC1;Ga-68;THP;BCMA (B-cell maturation antigen);Nanobody;Peking University First Hospital;Direct conjugation;PET;Small Ab-derived scaffold;Hematologic lineage marker;Diagnostic;1;2025;2025;Early Phase 1;NCT06717113;68Ga-BC1;;;
BC8-B10;At-211;B10;CD45;Full-length IgG;Fred Hutchinson Cancer Center;Direct radiohalogenation;Alpha emitter;Full-length IgG;Hematologic lineage marker;Therapeutic;2;2017;2020;Phase 1/2;"NCT03128034; NCT04083183";211At-BC8-B10;;;
besilesomab;In-111;;CD66 (NCA-95);Full-length IgG;Telix Pharmaceuticals;Not applicable;SPECT;Full-length IgG;;Diagnostic;1;2013;2013;;ISRCTN13400668;[111In]-anti-CD66;;;
besilesomab;Tc-99m;;CD66 (NCA-95);Full-length IgG;Telix Pharmaceuticals;;SPECT;Full-length IgG;;Diagnostic;1;2006;2006;Phase 3;EPAR-EMEA-H-C-001045;99mTc-besilesomab (Scintimun);;;
Besilesomab;Y-90;;CD66;Full-length IgG;"Great Ormond Street Hospital; Telix Pharmaceuticals";Not applicable;Beta emitter;Full-length IgG;Immune cell imaging marker;Therapeutic;2;2013;2020;Phase 1;"EUCTR2013-000015-24-GB; ISRCTN13400668";"90Y-anti-CD66 (Besilesomab); [90Y]-anti-CD66";;;
BetaBart;Lu-177;;B7-H3;Full-length IgG;Radiopharm Theranostics, Ltd;Direct conjugation;Beta emitter;Full-length IgG;Immune checkpoint;Therapeutic;1;2026;2026;Phase 1/2;NCT07189871;177Lu-BetaBart;;;
bevacizumab;In-111;;"VEGF-A; CAIX";Full-length IgG;Radboud University Medical Center;Direct conjugation;SPECT;Full-length IgG;Vascular / angiogenesis;Diagnostic;2;2007;2007;;"NCT00602862; NL-OMON30815";"111In-bevacizumab; 111In-cG250; [111In]-bevacizumab";;;
bevacizumab;Zr-89;DFO;VEGF-A;Full-length IgG;"Brigham and Women's Hospital; Dana-Farber Cancer Institute; Leiden University Medical Center";Direct conjugation;PET;Full-length IgG;Vascular / angiogenesis;Diagnostic;3;2015;2022;Phase 1/2;"NCT01894451; NCT03166306; NCT05685836";"89Zr-Bevacizumab; 89Zr-bevacizumab";Active;"Academic consortium IIT (UMCG lead); Roche/Genentech antibody, commercially available — academic radiolabeling requires no license.";https://research.rug.nl/en/publications/89zr-bevacizumab-pet-visualizes-heterogeneous-tracer-accumulation
BI 765063 and BI 770371;Zr-89;;;Full-length IgG;Boehringer Ingelheim;Direct conjugation;PET;Full-length IgG;;Diagnostic;1;2022;2022;Phase 1;NCT05068102;[89Zr]Zr-BI 765063 and [89Zr]Zr-BI 770371;;;
BL-ARC001;Lu-177;;;;Sichuan Baili Pharmaceuticals / Biokin Pharmaceutical;;Beta emitter;;;Therapeutic;2;2025;2025;Phase 1;"NCT07232407; NCT07274852";177Lu-BL-ARC001;;;
BMS-986192;Ga-68;DOTA;PD-L1;Adnectin;Bristol Myers Squibb;Direct conjugation;PET;Non-Ab protein scaffold;Immune checkpoint;Diagnostic;1;2022;2022;;NCT05533086;68Ga-BMS986192;;;
BrE-3 (humanized);Y-90;MX-DTPA (tiuxetan);MUC1;Full-length IgG;Cancer Research Institute of Contra Costa;Direct conjugation;Beta emitter;Full-length IgG;Epithelial tumor-associated antigen;Therapeutic;1;1997;1997;Phase 1;NCT00007891;90Y-humanized BrE-3;;;
Brentuximab;Zr-89;DFO;CD30;Full-length IgG;University Medical Center Groningen;Direct conjugation;PET;Full-length IgG;Hematologic lineage marker;Diagnostic;1;2024;2024;Phase 3;NCT06186986;89Zr-Brentuximab;Active;"IIT at UMCG; naked brentuximab vedotin (Adcetris) owned by Pfizer/Seagen (acquired 2023); Zr-89 labeled immunoPET is academic IIT.";https://pubmed.ncbi.nlm.nih.gov/34887346/
BU-12;Y-90;DTPA;CD19;Full-length IgG;Masonic Cancer Center, University of Minnesota;Direct conjugation;Beta emitter;Full-length IgG;Hematologic lineage marker;Therapeutic;1;2008;2008;Phase 1;NCT00643240;90Y-BU-12;;;
BW 250/183;Y-90;;CD66;Full-length IgG;University of Southampton;Direct conjugation;Beta emitter;Full-length IgG;Immune cell imaging marker;Therapeutic;1;2007;2007;Phase 2;NCT00637767;90Y-anti-CD66-BW250/183;;;
BW250/183;"Y-90; In-111";DTPA;CD66;Full-length IgG;"Great Ormond Street Hospital / UCLH; University Hospital Southampton NHS Foundation Trust";Direct conjugation;Beta emitter;Full-length IgG;Immune cell imaging marker;Therapeutic;2;2002;2016;Phase 1/2;"NCT01521611; NCT04082286";90Y-anti-CD66;;;
BW250/183;"Y-90; In-111";MX-DTPA (tiuxetan);CD66;Full-length IgG;Great Ormond Street Hospital for Children NHS Foundation Trust;Direct conjugation;Beta emitter;Full-length IgG;Immune cell imaging marker;Therapeutic;1;2023;2023;Phase 2;NCT04856215;90Y-anti-CD66 (BW250/183);;;
C9scFv (vartumabs);Zr-89;DFO;Oncofetal chondroitin sulfate (CS);scFv;Var2 Pharmaceuticals;Direct conjugation;PET;mAb Fragment;Carbohydrate / glycolipid antigen;Diagnostic;1;2024;2024;Early Phase 1;NCT06645808;"89Zr-DFO-N-Suc-F8scFv; 89Zr-DFO-N-Suc-C9scFv";;;
CC49 (minretumomab);"Lu-177; Y-90";DOTA;TAG-72;Full-length IgG;National Cancer Institute (NCI);Direct conjugation;Beta emitter;Full-length IgG;Carbohydrate / glycolipid antigen;Therapeutic;1;1996;1996;Phase 1;NCT00002734;177Lu-CC49 / 90Y-CC49;;;
CC49-deltaCH2 (hCC49-deltaCH2);I-131;Direct radioiodination;TAG-72;Full-length IgG;University of California, San Francisco;Direct radioiodination;Beta emitter;Full-length IgG;Carbohydrate / glycolipid antigen;Therapeutic;1;2001;2001;Phase 1;NCT00025532;131I-CC49-deltaCH2;;;
CD38-SADA;Lu-177;DOTA;CD38;Bispecific antibody;SERB Pharmaceuticals;Bispecific pretargeting;Beta emitter;Bispecific;Hematologic lineage marker;Therapeutic;1;2025;2025;Phase 1;NCT05994157;CD38-SADA:177Lu-DOTA;Active;Y-mAbs CD38-SADA acquired by SERB Pharmaceuticals (August 2024, $412M deal). Phase 1 Trial 1201 (NCT05994157) first patient dosed April 2025.;https://ir.ymabs.com/news-releases/news-release-details/serb-pharmaceuticals-completes-acquisition-y-mabs-therapeutics/
CED88004S;Zr-89;DFO;PD-L1;Full-length IgG;Roche/Genentech;Direct conjugation;PET;Full-length IgG;Immune checkpoint;Diagnostic;2;2018;2025;Phase 3;"CTIS2025-520560-18-00; NL-OMON49728";"89Zr-CED88004S; ZED88082A";;;
Certolizumab pegol (Cimzia);Tc-99m;HYNIC;TNF-alpha;Fab fragment;UCB Pharma SA;Site-specific conjugation;SPECT;mAb Fragment;Cytokine / soluble mediator;Diagnostic;1;2012;2012;Phase 3;NCT01590966;99mTc-certolizumab pegol;;;
Cetuximab;"Ga-68; Lu-177; Re-188";DOTA;EGFR;Full-length IgG;Dr Timothy Marr;Direct conjugation;;Full-length IgG;RTK;Theranostic;1;2014;2014;;ACTRN12614000491662;Ga-68/Lu-177/Re-188-DOTA-Cetuximab;;;
cetuximab;Zr-89;DFO;EGFR;Full-length IgG;Maastricht Radiation Oncology;Direct conjugation;PET;Full-length IgG;RTK;Diagnostic;1;2009;2009;Phase 1;NCT00691548;89Zr-cetuximab;;;
ch806;In-111;CHX-A''-DTPA;EGFR;Full-length IgG;Ludwig Institute for Cancer Research;Direct conjugation;SPECT;Full-length IgG;RTK;Diagnostic;1;2005;2005;Phase 1;NCT00291447;111In-ch806;;;
chTNT-1/B;I-131;Direct radioiodination;DNA/histone complexes;Full-length IgG;Peregrine Pharmaceuticals;Direct radioiodination;Beta emitter;Full-length IgG;Necrosis / damage-associated;Therapeutic;4;2000;2007;Phase 2;"NCT00004017; NCT00128635; NCT00509301; NCT00677716";"131I-chTNT-1/B; 131I-chTNT-1/B (COTARA); Cotara (131I-chTNT-1/B MAb)";Discontinued;"Peregrine Pharmaceuticals anti-DNA/histone chTNT-1/B antibody; Peregrine pivoted to contract manufacturing (Avid Bioservices). Therapeutic program discontinued.";https://www.oncidiumfoundation.org/molecule/i-131-chtnt-vivatuxin/
CIT-013;Zr-89;DFO;Neutrophil extracellular traps (NETs);Full-length IgG;Citryll BV;Direct conjugation;PET;Full-length IgG;Necrosis / damage-associated;Diagnostic;1;2026;2026;Phase 2;NCT07147959;[89Zr]Zr-CIT-013;;;
clivatuzumab (hPAM4);In-111;DOTA;MUC5AC;Full-length IgG;Sidney Kimmel Comprehensive Cancer Center / NCI;Direct conjugation;SPECT;Full-length IgG;Epithelial tumor-associated antigen;Diagnostic;1;2007;2007;Early Phase 1;NCT00364364;111In-hPAM4 IgG;;;
clivatuzumab (hPAM4);Y-90;DOTA;MUC1;Full-length IgG;"Gilead Sciences; Immunomedics, Inc.";Direct conjugation;Beta emitter;Full-length IgG;Epithelial tumor-associated antigen;Therapeutic;4;2004;2014;Phase 3;"EUCTR2008-003993-16-DE; EUCTR2013-004516-21-AT; NCT00597129; NCT00603863";"90Y-clivatuzumab tetraxetan; 90Y-hPAM4";Discontinued;"Phase 3 PANCRIT-1 trial terminated March 2016 (no OS benefit). Asset passed to Gilead via Immunomedics acquisition (2020). Gilead already listed in DB owner; program discontinued.";https://www.globenewswire.com/news-release/2016/03/14/819641/0/en/Immunomedics-Provides-Update-on-Phase-3-PANCRIT-1-Trial-of-Clivatuzumab-Tetraxetan-in-Patients-With-Advanced-Pancreatic-Cancer.html
CMD-193;In-111;;Lewis Y;Full-length IgG;Wyeth (now Pfizer);;SPECT;Full-length IgG;Carbohydrate / glycolipid antigen;Diagnostic;1;2006;2006;Phase 1;NCT00293215;CMD-193;Discontinued;"Wyeth-developed anti-Lewis Y immunoconjugate; Phase I completed ~2006. Following Pfizer's acquisition of Wyeth (2009), no further development. DB shows 'Wyeth (now Pfizer)'; correct.";https://www.pfizer.com/news/press-release/press-release-detail/pfizer_completes_acquisition_of_wyeth
coramitug;Zr-89;;TTR amyloid deposits;Full-length IgG;Novo Nordisk A/S;;PET;Full-length IgG;;Diagnostic;1;2026;2026;Phase 1;NCT07448623;89Zr-coramitug;Active;"Novo Nordisk anti-FcRn antibody; recent trial activity confirms active program.";https://www.novonordisk.com/news-and-media/news-and-ir-materials/news-details.html?id=167017
crefmirlimab;Zr-89;DFO;CD8;Minibody;"ImaginAb; Memorial Sloan Kettering Cancer Center; National Institute of Neurological Disorders and Stroke (NINDS); Sanofi; radboudumc";Direct conjugation;PET;Small Ab-derived scaffold;Immune cell imaging marker;Diagnostic;18;2021;2025;Phase 2/3;"ACTRN12624000348550; CTIS2024-516125-31-02; EUCTR2021-005610-33-NL; EUCTR2022-001484-27-NL; NCT04606316; NCT05013099; NCT05279027; NCT05289193; NCT05371132; NCT05397171; NCT05744128; NCT05849467; NCT06218069; NCT06457789; NCT06534190; NCT06650163; NCT06863233; NL-OMON53860";"89Zr-Df-Crefmirlimab; 89Zr-Df-Crefmirlimab; 89Zr-Durvalumab; 89Zr-Df-IAB22M2C; 89Zr-Df-crefmirlimab; 89Zr-crefmirlimab berdoxam; Zirconium Zr 89 crefmirlimab berdoxam; Zirconium-89 crefmirlimab berdoxam; Zr-89 Crefmirlimab berdoxam; Zr-89 crefmirlimab berdoxam; Zr-89-crefmirlimab berdoxam; [89Zr]-Df-Crefmirlimab; [89Zr]Zr-Df-Crefmirlimab; [89Zr]Zr-Df-crefmirlimab berdoxam; [89Zr]Zr-crefmirlimab berdoxam";;;
CS-1008 (tigatuzumab);In-111;CHX-A''-DTPA;DR5 (death receptor 5 / TRAIL-R2);Full-length IgG;Daiichi Sankyo;Direct conjugation;SPECT;Full-length IgG;Other tumor surface antigen;Diagnostic;1;2010;2010;Phase 1;NCT01220999;111In-CS-1008;;;
cT84.66;I-123;Direct radioiodination;CEA;Diabody;City of Hope Medical Center;Direct radioiodination;SPECT;Small Ab-derived scaffold;Epithelial tumor-associated antigen;Diagnostic;1;2006;2006;Phase 1;NCT00647153;123I-cT84.66 diabody;;;
cT84.66 (chimeric);Y-90;DOTA;CEA;Full-length IgG;City of Hope Medical Center;Direct conjugation;Beta emitter;Full-length IgG;Epithelial tumor-associated antigen;Therapeutic;2;2005;2008;Phase 1/2;"NCT00645710; NCT00738452";90Y-cT84.66 (anti-CEA);;;
daclizumab;Y-90;DTPA;CD25;Full-length IgG;National Cancer Institute (NCI);Direct conjugation;Beta emitter;Full-length IgG;Hematologic lineage marker;Therapeutic;1;1996;1996;Phase 1/2;NCT00019227;90Y-daclizumab;;;
daclizumab;"Y-90; In-111";DTPA;CD25;Full-length IgG;National Cancer Institute (NCI);Direct conjugation;Beta emitter;Full-length IgG;Hematologic lineage marker;Therapeutic;1;2011;2011;Phase 1/2;NCT01468311;90Y-daclizumab;;;
daratumumab;Ac-225;DOTA;CD38;Full-length IgG;City of Hope Medical Center;Direct conjugation;Alpha emitter;Full-length IgG;Hematologic lineage marker;Therapeutic;2;2022;2025;Phase 1;"NCT05363111; NCT06287944";225Ac-DOTA-Daratumumab;;;
daratumumab;Cu-64;DOTA;CD38;Full-length IgG;City of Hope Medical Center;Direct conjugation;PET;Full-length IgG;Hematologic lineage marker;Diagnostic;1;2018;2018;Phase 1;NCT03311828;64Cu-DOTA-daratumumab;;;
daratumumab;Zr-89;DFO;CD38;Full-length IgG;"Hoag Memorial Hospital Presbyterian; Memorial Sloan Kettering Cancer Center";Direct conjugation;PET;Full-length IgG;Hematologic lineage marker;Diagnostic;3;2018;2021;Phase 2;"NCT03665155; NCT04467281; NCT04814615";89Zr-DFO-daratumumab;Unknown;"IIT by Hoag Memorial Hospital and MSK; no post-2021 trial activity identified.";https://jnm.snmjournals.org/content/59/2/216
DS-8895a;Zr-89;DFO;EphA2;Full-length IgG;Daiichi Sankyo;Direct conjugation;PET;Full-length IgG;RTK;Diagnostic;1;2014;2014;Phase 1;NCT02252211;89Zr-Df-DS-8895a;;;
DUNP19;Lu-177;DOTA;LRRC15;Full-length IgG;Radiopharm Theranostics, Ltd;Direct conjugation;Beta emitter;Full-length IgG;Stromal / ECM;Therapeutic;1;2026;2026;Phase 1;NCT07272642;LNTH-2403 (177Lu-DOTA-DUNP19);;;
durvalumab;Zr-89;DFO;PD-L1;Full-length IgG;AstraZeneca;Direct conjugation;PET;Full-length IgG;Immune checkpoint;Diagnostic;5;2019;2025;Phase 2;"ACTRN12624000348550; ACTRN12624001105538; ACTRN12625000840482; NCT03829007; NCT03853187";"89Zr-Df-Crefmirlimab; 89Zr-Durvalumab; 89Zr-durvalumab; Zr-89-durvalumab";;;
EPCD6 (EpCAM-targeting);"Ga-68; F-18";NOTA (Ga-68), RESCA/AlF (F-18);"Trop-2; EpCAM";Nanobody;RenJi Hospital;Direct conjugation;PET;Small Ab-derived scaffold;Epithelial tumor-associated antigen;Diagnostic;1;2024;2024;;NCT07026110;[68Ga]Ga-NOTA-T4, [68Ga]Ga-NOTA-RT4, [18F]F-RESCA-T4, [18F]F-RESCA-RT4, [68Ga]Ga-NOTA-EPCD6, [18F]F-RESCA-EPCD6;;;
epratuzumab;Tc-99m;DTPA;CD22;Full-length IgG;Immunomedics;Direct conjugation;SPECT;Full-length IgG;Hematologic lineage marker;Diagnostic;1;1997;1997;Phase 2/3;NCT00003338;"99mTc-LL2 (LymphoScan; 99mTc-epratuzumab)";Discontinued;"Immunomedics/Gilead epratuzumab program; Tc-99m diagnostic variant (DTPA chelator); program discontinued after Gilead acquisition 2020.";https://www.gilead.com/news/news-details/2020/gilead-sciences-completes-acquisition-of-immunomedics-inc
epratuzumab;Tc-99m;Direct labeling (Tc-99m);CD22;Full-length IgG;Gilead Sciences;Direct conjugation;SPECT;Full-length IgG;Hematologic lineage marker;Diagnostic;1;1997;1997;Phase 3;NCT00003337;99mTc-LymphoScan (99mTc-epratuzumab);Discontinued;"Immunomedics/Gilead epratuzumab program; Tc-99m diagnostic variant (direct labeling); program discontinued after Gilead acquisition 2020.";https://www.gilead.com/news/news-details/2020/gilead-sciences-completes-acquisition-of-immunomedics-inc
epratuzumab;Th-227;3,2-HOPO;CD22;Full-length IgG;Bayer;Direct conjugation;Alpha emitter;Full-length IgG;Hematologic lineage marker;Therapeutic;1;2015;2015;Phase 1;NCT02581878;BAY1862864 (227Th-epratuzumab);Unknown;"Bayer developed Th-227-epratuzumab via Algeta collaboration with Immunomedics. Bayer AG = same entity as DB owner 'Bayer'; no owner change. No active trials found as of 2026-03-25.";https://adisinsight.springer.com/drugs/800037471
epratuzumab;Y-90;DOTA;CD22;Full-length IgG;Gilead Sciences;Direct conjugation;Beta emitter;Full-length IgG;Hematologic lineage marker;Therapeutic;9;1997;2016;Phase 2;"NCT00004084; NCT00004086; NCT00004107; NCT00061425; NCT00421395; NCT01101581; NCT01147393; NCT02577094; NCT02844530";"90Y-epratuzumab (90Y-hLL2 IgG); 90Y-epratuzumab (90Y-hLL2); 90Y-epratuzumab tetraxetan";Discontinued;Phase 1 trial of 90Y-DOTA-epratuzumab tetraxetan in B-cell ALL (NCT01354457) last active 2016. No active radiopharmaceutical program under Gilead post-acquisition (2020).;https://www.gilead.com/news/news-details/2020/gilead-sciences-completes-acquisition-of-immunomedics-inc
F16;I-131;Direct radioiodination;Tenascin-C;SIP;Philogen S.p.A.;Direct radioiodination;Beta emitter;Small Ab-derived scaffold;Stromal / ECM;Therapeutic;1;2008;2008;Phase 1/2;NCT01240720;131I-F16SIP;;;
F19 (BIBH-1);I-131;Direct radioiodination;FAP;Full-length IgG;Boehringer Ingelheim;Direct radioiodination;Beta emitter;Full-length IgG;Stromal / ECM;Therapeutic;2;1998;1999;Phase 1;"NCT00004042; NCT00005616";"I-131-BIBH-1; iodine I 131 monoclonal antibody F19 (BIBH-1)";Discontinued;"Boehringer Ingelheim anti-ED-B fibronectin antibody (F19/BIBH-1); early-stage program discontinued.";https://pmc.ncbi.nlm.nih.gov/articles/PMC8616197/
F8scFv;Zr-89;DFO;Oncofetal chondroitin sulfate (CS);scFv;Var2 Pharmaceuticals;Direct conjugation;PET;mAb Fragment;Carbohydrate / glycolipid antigen;Diagnostic;1;2024;2024;Early Phase 1;NCT06645808;"89Zr-DFO-N-Suc-F8scFv; 89Zr-DFO-N-Suc-C9scFv";;;
FF-21101;Y-90;DOTA;P-cadherin (CDH3);Full-length IgG;PDRadiopharma, Inc.;Direct conjugation;Beta emitter;Full-length IgG;Epithelial tumor-associated antigen;Therapeutic;1;2016;2016;Phase 1;NCT02454010;FF-21101(90Y);Discontinued;"Phase I trial (Fujifilm Pharmaceuticals U.S.A.) completed 2016-2021; no predefined efficacy criteria met. PDRadiopharma listed as current active organization in Synapse database.";https://synapse.patsnap.com/drug/5f418d0c8b474979a17b7b672498af05
FPI-1175;Ac-225;;IGF-1R;Full-length IgG;AstraZeneca;Direct conjugation;Alpha emitter;Full-length IgG;RTK;Therapeutic;1;2019;2019;Phase 1;NCT03746431;[225Ac]-FPI-1434;Active;FPI-1175 (unlabeled antibody component of FPI-1434, IGF-1R targeting) transferred to AstraZeneca via Fusion Pharmaceuticals acquisition (June 2024). Active Phase 1/2.;https://www.astrazeneca.com/media-centre/press-releases/2024/acquisition-of-fusion-completed.html
FPI-2053;Ac-225;Bifunctional chelating agent;"EGFR; cMET";Bispecific antibody;AstraZeneca;Direct conjugation;Alpha emitter;Bispecific;;Therapeutic;1;2024;2024;Phase 1;NCT06147037;[225Ac]-FPI-2068;Active;"AstraZeneca acquired Fusion Pharmaceuticals in June 2024; FPI-2053 (unlabeled antibody component of FPI-2068) is active under AstraZeneca. Owner already updated in DB.";https://www.astrazeneca.com/media-centre/press-releases/2024/acquisition-of-fusion-completed.html
FPI-2053;In-111;;"EGFR; cMET";Bispecific antibody;AstraZeneca;;SPECT;Bispecific;;Diagnostic;1;2024;2024;Phase 1;NCT06147037;[111In]-FPI-2107;;;
GC1008;Zr-89;DFO;TGF-β;Full-length IgG;Genzyme, a Sanofi Company;Direct conjugation;PET;Full-length IgG;Cytokine / soluble mediator;Diagnostic;1;2011;2011;Phase 2;NCT01472731;89Zr-GC1008;Discontinued;"GC1008 (fresolimumab) Zr-89 PET imaging study was a single Phase 2 trial (Genzyme/Sanofi). Genzyme is a Sanofi subsidiary; 'Genzyme, a Sanofi Company' in DB is correct. Discontinued.";https://www.prnewswire.com/news-releases/sanofi-aventis-completes-acquisition-of-genzyme-corporation-119496769.html
GD2-SADA;Lu-177;DOTA;GD2;Bispecific antibody;SERB Pharmaceuticals;Bispecific pretargeting;Beta emitter;Bispecific;Carbohydrate / glycolipid antigen;Therapeutic;1;2022;2022;Phase 1;NCT05130255;GD2-SADA:177Lu-DOTA;Active;"Y-mAbs GD2-SADA acquired by SERB Pharmaceuticals (August 2024). Phase 1 Trial 1001 (NCT05130255) Part A data readout May 2025; expansion planned.";https://ir.ymabs.com/news-releases/news-release-details/serb-pharmaceuticals-completes-acquisition-y-mabs-therapeutics/
GEH200520;F-18;Integrated into GEH200520 antibody-chelator conjugate;;;GE Healthcare;Click chemistry pretargeting;PET;;;Diagnostic;2;2023;2024;Phase 1;"NCT05629689; NCT06398730";"GEH200520/GEH200521 (18F); GEH200521 (18F) / GEH200520";Active;"Pretargeted click-chemistry immunoPET; GEH200520 = antibody-chelator targeting component; GEH200521 (18F) = radiolabeled hapten. GE Healthcare program.";https://investor.gehealthcare.com/news-releases/news-release-details/ge-healthcare-completes-acquisition-nihon-medi-phys
girentuximab;At-211;Direct radioiodination;CAIX (Carbonic anhydrase IX);Full-length IgG;Institut Cancerologie de l'Ouest;Direct radiohalogenation;Alpha emitter;Full-length IgG;;Therapeutic;1;2026;2026;Phase 1;NCT07260162;ATO-101™ ([211At]At-Girentuximab);;;
girentuximab;I-124;Direct radioiodination;CAIX;Full-length IgG;Telix Pharmaceuticals Limited;Direct radioiodination;PET;Full-length IgG;Tissue-restricted tumor antigen;Diagnostic;1;2017;2017;Phase 3;NCT01762592;124I-Girentuximab;Active;Girentuximab originally from Wilex AG (now Heidelberg Pharma). Telix in-licensed worldwide rights in January 2017. TLX250-CDx (I-124-girentuximab) FDA-approved June 2024 for ccRCC.;https://telixpharma.com/our-portfolio/disease-areas/kidney-cancer/
girentuximab;In-111;DOTA;CAIX;Full-length IgG;"Radboud University Medical Center; Telix Pharmaceuticals";Direct conjugation;SPECT;Full-length IgG;Tissue-restricted tumor antigen;Diagnostic;2;2015;2015;Phase 1;"NCT02411968; NCT02497599";"111In-DOTA-girentuximab; 111In-Girentuximab-DOTA";;;
girentuximab;Lu-177;DOTA;CAIX;Full-length IgG;"Radboud University Medical Center; Telix Pharmaceuticals";Direct conjugation;Beta emitter;Full-length IgG;Tissue-restricted tumor antigen;Therapeutic;5;2011;2025;Phase 3;"NCT02002312; NCT05239533; NCT05663710; NCT05868174; NCT07197580";"177Lu-DOTA-girentuximab; 177Lu-TLX250; 177Lu-girentuximab";;;
girentuximab;Zr-89;DFO;CAIX;Full-length IgG;"ATONCO; IRCCS Ospedale San Raffaele; NYU Langone Health; Radboud University Medical Center; Telix Pharmaceuticals";Direct conjugation;PET;Full-length IgG;Tissue-restricted tumor antigen;Diagnostic;17;2015;2026;Phase 3;"ACTRN12621000411842; NCT02883153; NCT03556046; NCT03849118; NCT04496089; NCT04758780; NCT04897763; NCT05046665; NCT05563272; NCT05861778; NCT06090331; NCT06447103; NCT06735560; NCT06750419; NCT07077083; NCT07171905; NCT07179770";"89Zr-DFO-girentuximab; 89Zr-TLX250; 89Zr-girentuximab; 89Zr-girentuximab (89Zr-TLX250); Zirconium-89-girentuximab; [89Zr]Zr-DFO-Girentuximab";;;
girentuximab (cG250);I-124;Direct radioiodination;CAIX;Full-length IgG;"Heidelberg Pharma AG; Ludwig Institute for Cancer Research; Telix Pharmaceuticals";Direct radioiodination;PET;Full-length IgG;Tissue-restricted tumor antigen;Diagnostic;4;2005;2012;Phase 3;"NCT00199888; NCT00520533; NCT00606632; NCT01582204";124I-cG250;Active;"Telix received exclusive worldwide rights for I-124-girentuximab (REDECTANE) from Wilex/Heidelberg Pharma in 2017. Telix is already listed in DB owner; no owner update needed.";https://telixpharma.com/news-views/wilex-signs-antibody-license-agreement-with-telix-pharmaceuticals-limited/
girentuximab (cG250);I-131;Direct radioiodination;CAIX;Full-length IgG;Ludwig Institute for Cancer Research;Direct radioiodination;Beta emitter;Full-length IgG;Tissue-restricted tumor antigen;Therapeutic;1;1998;1998;Phase 1/2;NCT00003102;131I-cG250;;;
girentuximab (cG250);In-111;;"VEGF-A; CAIX";Full-length IgG;Radboud University Medical Center;Direct conjugation;SPECT;Full-length IgG;Vascular / angiogenesis;Diagnostic;2;2007;2007;;"NCT00602862; NL-OMON30815";"111In-bevacizumab; 111In-cG250; [111In]-cG250 (girentuximab)";;;
girentuximab (cG250);Lu-177;DOTA;CAIX;Full-length IgG;Ludwig Institute for Cancer Research;Direct conjugation;Beta emitter;Full-length IgG;Tissue-restricted tumor antigen;Therapeutic;1;2005;2005;Phase 1/2;NCT00142415;177Lu-DOTA-cG250;;;
girentuximab (cG250);Y-90;DOTA;CAIX;Full-length IgG;Ludwig Institute for Cancer Research;Direct conjugation;Beta emitter;Full-length IgG;Tissue-restricted tumor antigen;Therapeutic;1;2005;2005;Phase 1;NCT00199875;90Y-DOTA-cG250;;;
girentuximab (cG250);Zr-89;DFO;CAIX;Full-length IgG;Radboud University Medical Center;Direct conjugation;PET;Full-length IgG;Tissue-restricted tumor antigen;Diagnostic;1;2014;2014;;NCT02228954;89Zr-girentuximab;;;
GSK2849330;Zr-89;DFO;HER3;Full-length IgG;GlaxoSmithKline;Direct conjugation;PET;Full-length IgG;RTK;Diagnostic;1;2015;2015;Phase 1;NCT02345174;89Zr-GSK2849330;;;
GSK3128349;Zr-89;DFO;Albumin;Nanobody;GlaxoSmithKline;Direct conjugation;PET;Small Ab-derived scaffold;Other;Diagnostic;1;2016;2016;Phase 1;NCT02829307;89Zr-GSK3128349;;;
H006;Ga-68;NOTA;5T4;Other protein scaffold (specify);YiHui Guan;Direct conjugation;PET;Non-Ab protein scaffold;Epithelial tumor-associated antigen;Diagnostic;1;2023;2023;;NCT06162988;68Ga-NOTA-H006;;;
h11B6;In-111;DOTA;hK2;Full-length IgG;SpectronRX;Direct conjugation;SPECT;Full-length IgG;Tissue-restricted tumor antigen;Diagnostic;1;2019;2019;Early Phase 1;NCT04116164;111In-DOTA-h11B6;;;
H2D3;"Ga-68; F-18";"DOTA (Ga-68); RESCA (F-18)";HER2;Nanobody;RenJi Hospital;Direct conjugation;PET;Small Ab-derived scaffold;RTK;Diagnostic;1;2024;2024;;NCT06715839;"[68Ga]Ga-DOTA-H2D3; [18F]F-RESCA-RB14";;;
HER2-affibody;Ga-68;NOTA;HER2;Affibody;Fudan University;Site-specific conjugation;PET;Non-Ab protein scaffold;RTK;Diagnostic;1;2021;2021;;NCT04769050;68Ga-HER2-affibody;;;
hJAA-F11;I-124;Direct radioiodination;Thomsen-Friedenreich antigen;Full-length IgG;Roswell Park Cancer Institute;Direct radioiodination;PET;Full-length IgG;Carbohydrate / glycolipid antigen;Diagnostic;1;2024;2024;Phase 1;NCT06427369;124I-hJAA-F11;;;
HMFG1;Y-90;DTPA;MUC1;Full-length IgG;Antisoma plc;Direct conjugation;Beta emitter;Full-length IgG;Epithelial tumor-associated antigen;Therapeutic;1;1998;1998;Phase 3;NCT00004115;90Y-HMFG1 (Pemtumomab / Theragyn);Discontinued;Phase III trial in ovarian cancer (ICON6 predecessor) failed. Antisoma discontinued all clinical programs in 2011 and exited biotechnology. No successor company.;https://uk.advfn.com/stock-market/london/sigmaroc-SRC/share-news/Antisoma-PLC-Annual-Financial-Report/54368349
hNd2;Zr-89;DFO;MUC5AC;Full-length IgG;GE HealthCare Technologies Inc.;Direct conjugation;PET;Full-length IgG;Epithelial tumor-associated antigen;Diagnostic;1;2023;2023;Phase 1;NCT06129422;89Zr-hNd2 (NMK89);Active;NMK89 (89Zr-hNd2, anti-MUC5AC) developed by Nihon Medi-Physics (NMP). GE HealthCare completed acquisition of NMP in January 2024. Phase 1 trial NCT06129422 active.;https://investor.gehealthcare.com/news-releases/news-release-details/ge-healthcare-completes-acquisition-nihon-medi-physics-nmp
hu3S193;In-111;CHX-A''-DTPA;Lewis Y;Full-length IgG;Ludwig Institute for Cancer Research;Direct conjugation;SPECT;Full-length IgG;Carbohydrate / glycolipid antigen;Diagnostic;2;2000;2004;Phase 1;"NCT00006099; NCT00084799";"111In-hu3S193; hu3S193";;;
hu3S193;Y-90;DOTA;Lewis Y;Full-length IgG;Ludwig Institute for Cancer Research;Direct conjugation;Beta emitter;Full-length IgG;Carbohydrate / glycolipid antigen;Therapeutic;1;2003;2003;Phase 1;NCT00072410;90Y-hu3S193;;;
huA33;I-131;Direct radioiodination;A33;Full-length IgG;Ludwig Institute for Cancer Research;Direct radioiodination;Beta emitter;Full-length IgG;Epithelial tumor-associated antigen;Therapeutic;1;2003;2003;Phase 1;NCT00291486;131I-huA33;;;
huA33 (humanized A33);I-124;Direct radioiodination;A33;Full-length IgG;Memorial Sloan Kettering Cancer Center;Direct radioiodination;PET;Full-length IgG;Epithelial tumor-associated antigen;Diagnostic;1;2004;2004;;NCT00199862;124I-huA33;;;
huAb A33 (humanized A33);I-131;Direct radioiodination;A33;Full-length IgG;Memorial Sloan Kettering Cancer Center;Direct radioiodination;Beta emitter;Full-length IgG;Epithelial tumor-associated antigen;Therapeutic;1;1998;1998;Phase 1;NCT00003360;131I-huAb A33;;;
HuCC49ΔCH2 (humanized CC49 with deleted CH2 domain);I-131;Direct radioiodination;TAG-72;Full-length IgG;National Cancer Institute (NCI);Direct radioiodination;Beta emitter;Full-length IgG;Carbohydrate / glycolipid antigen;Therapeutic;1;2001;2001;Phase 1;NCT00023933;131I-HuCC49ΔCH2;;;
HuMab-5B1;Zr-89;DFO;CA19-9;Full-length IgG;"BioNTech; Memorial Sloan Kettering Cancer Center";Direct conjugation;PET;Full-length IgG;Carbohydrate / glycolipid antigen;Diagnostic;2;2016;2024;Phase 1;"NCT02687230; NCT06305728";"89Zr-DFO-HuMab-5B1; 89Zr-DFO-HuMab-5B1 (MVT-2163)";Active;"BioNTech acquired MabVax antibody assets including HuMab-5B1 (MVT-2163) in May 2019. BioNTech already listed in DB owner alongside MSK; no owner update needed.";https://investors.biontech.de/news-releases/news-release-details/biontech-acquires-mabvax-therapeutics-antibody-assets-expand
Humanized 3F8;I-124;Direct radioiodination;GD2;Full-length IgG;SERB Pharmaceuticals;Direct radioiodination;PET;Full-length IgG;Carbohydrate / glycolipid antigen;Diagnostic;1;2014;2014;;NCT02307630;124I-Humanized 3F8;Unknown;"MSK licensed humanized 3F8 (naxitamab) to Y-mAbs in 2015; acquired by SERB (2024). I-124 PET pilot trial (NCT02307630) completed at MSK ~2016; no subsequent activity.";https://serb.com/news/serb-pharmaceuticals-completes-acquisition-of-y-mabs-therapeutics/
Humanized Anti-Tac (HAT, Zenapax/daclizumab);Y-90;DTPA;CD25;Full-length IgG;National Cancer Institute (NCI);Direct conjugation;Beta emitter;Full-length IgG;Hematologic lineage marker;Therapeutic;1;1997;1997;Phase 1/2;NCT00001575;90Y-HAT (90Y-Humanized Anti-Tac);;;
HuX592r;Cu-64;DOTA;PSMA;Full-length IgG;Telix Pharmaceuticals;Direct conjugation;PET;Full-length IgG;Tissue-restricted tumor antigen;Diagnostic;1;2021;2021;Early Phase 1;NCT04726033;64Cu-TLX592;;;
IAB22M2C;Zr-89;DFO;CD8;Minibody;ImaginAb;Direct conjugation;PET;Small Ab-derived scaffold;Immune cell imaging marker;Diagnostic;8;2017;2024;Phase 2;"CTIS2024-512219-37-00; DRKS00028982; EUCTR2021-004328-13-DE; NCT03107663; NCT03802123; NCT04874818; NCT04955262; NL-OMON49545";"89Zr-Df-IAB22M2C; [89Zr]Df-IAB22M2C; [89Zr]Zr-Df-IAB22M2C; ⁸⁹Zr-Df-IAB22M2C";;;
IAB2M;Zr-89;DFO;PSMA;Minibody;ImaginAb;Direct conjugation;PET;Small Ab-derived scaffold;Tissue-restricted tumor antigen;Diagnostic;2;2013;2015;Phase 2;"NCT01923727; NCT02424513";"89Zr-Df-IAB2M; [89Zr]Df-IAB2M";;;
ibritumomab;Y-90;MX-DTPA (tiuxetan);CD20;Full-length IgG;Acrotech Biopharma LLC;Direct conjugation;Beta emitter;Full-length IgG;Hematologic lineage marker;Therapeutic;141;1999;2024;Phase 4;"ACTRN12609001077257; DRKS00035124; EUCTR2004-002211-92-IT; EUCTR2004-002273-24-IT; EUCTR2004-002302-30-IT; EUCTR2004-003801-26-DE; EUCTR2004-004349-16-BE; EUCTR2005-001727-11-DE; EUCTR2005-002003-17-NO; EUCTR2005-002206-37-DE; EUCTR2005-003796-20-BE; EUCTR2005-005216-24-DE; EUCTR2006-000598-31-GB; EUCTR2006-002524-42-IT; EUCTR2006-004850-26-IT; EUCTR2006-004851-39-IT; EUCTR2006-005778-34-DE; EUCTR2006-006808-11-IT; EUCTR2006-007083-28-NL; EUCTR2007-003091-19-ES; EUCTR2007-003198-22-ES; EUCTR2007-003302-10-ES; EUCTR2007-003539-22-IT; EUCTR2007-003821-25-FR; EUCTR2007-004289-42-GR; EUCTR2007-006601-25-ES; EUCTR2008-003828-38-IT; EUCTR2008-006899-30-IT; EUCTR2009-012944-17-NL; EUCTR2012-000251-14-IT; EUCTR2012-001768-31-IT; EUCTR2012-003170-60-IT; ISRCTN36210045; JPRN-UMIN000003867; JPRN-UMIN000007950; JPRN-UMIN000037105; NCT00005592; NCT00012298; NCT00017381; NCT00031642; NCT00033423; NCT00036855; NCT00038623; NCT00048737; NCT00057343; NCT00058292; NCT00058422; NCT00060294; NCT00062114; NCT00070018; NCT00070447; NCT00073957; NCT00082836; NCT00088881; NCT00089284; NCT00110149; NCT00119392; NCT00119730; NCT00138086; NCT00168727; NCT00177554; NCT00185393; NCT00186589; NCT00193440; NCT00193505; NCT00220285; NCT00271050; NCT00290511; NCT00302757; NCT00310128; NCT00319332; NCT00322218; NCT00334438; NCT00336843; NCT00354822; NCT00372905; NCT00384111; NCT00386321; NCT00387023; NCT00392691; NCT00397800; NCT00414089; NCT00416312; NCT00438581; NCT00440583; NCT00453102; NCT00463463; NCT00491491; NCT00493454; NCT00493467; NCT00505232; NCT00514475; NCT00521560; NCT00562978; NCT00582166; NCT00591630; NCT00607854; NCT00637832; NCT00644371; NCT00646750; NCT00662948; NCT00689169; NCT00690560; NCT00695409; NCT00722930; NCT00732498; NCT00761384; NCT00772655; NCT00807196; NCT00850512; NCT00859001; NCT00902525; NCT01130194; NCT01157988; NCT01164696; NCT01207765; NCT01234766; NCT01359592; NCT01434472; NCT01446562; NCT01448928; NCT01479387; NCT01490723; NCT01493479; NCT01497275; NCT01510184; NCT01538472; NCT01549886; NCT01662102; NCT01686165; NCT01811368; NCT01827605; NCT01973062; NCT02063685; NCT02320292; NCT02366663; NCT02992223; NL-OMON21852; NL-OMON22777; NL-OMON28762; NL-OMON39525";"90Y-Ibritumomab tiuxetan; 90Y-ibritumomab tiuxetan (Zevalin)";Active;"Bayer held EU rights; Spectrum Pharmaceuticals (US) acquired by Acrotech Biopharma (2019). EU marketing authorisation for Zevalin lapsed July 2024; US marketing continues.";https://en.wikipedia.org/wiki/Ibritumomab_tiuxetan
ibritumomab;"Y-90; In-111";MX-DTPA (tiuxetan);CD20;Full-length IgG;Acrotech Biopharma LLC;Direct conjugation;Beta emitter;Full-length IgG;Hematologic lineage marker;Therapeutic;4;2003;2007;Phase 2;"NCT00064246; NCT00438880; NCT00477815; NCT00577278";"90Y-ibritumomab tiuxetan (Zevalin); Yttrium Y 90 Ibritumomab Tiuxetan (Zevalin)";Active;"Full chain: IDEC → Biogen Idec → Bayer (EU) / Spectrum Pharmaceuticals (US, 2012) → Acrotech Biopharma (acquired Spectrum 2019). Marketed as Zevalin; FDA-approved.";https://en.wikipedia.org/wiki/Ibritumomab_tiuxetan
IDEC-159;Y-90;;TAG-72;Full-length IgG;Biogen;Direct conjugation;Beta emitter;Full-length IgG;Carbohydrate / glycolipid antigen;Therapeutic;1;2005;2005;Phase 1/2;NCT00102024;90Y-IDEC-159;;;
IMP-205 x m734;In-111;DTPA;CEA;Bispecific antibody;Radboud University Medical Center;Bispecific pretargeting;SPECT;Bispecific;Epithelial tumor-associated antigen;Diagnostic;1;2005;2005;Phase 1;NCT00185081;111In-IMP-205 x m734 (pretargeted radioimmunodetection);;;
ipilimumab;Zr-89;DFO;CTLA-4;Full-length IgG;Amsterdam UMC;Direct conjugation;PET;Full-length IgG;Immune checkpoint;Diagnostic;1;2017;2017;Phase 2;NCT03313323;89Zr-ipilimumab;Unknown;"IIT at Amsterdam UMC; BMS markets ipilimumab (Yervoy) but the Zr-89 imaging variant is an academic IIT — BMS is not the owner of the radiolabeled form.";https://jnm.snmjournals.org/content/55/5/730
Ivonescimab (AK112/SMT112);Zr-89;;PD-1 and VEGF-A;Bispecific antibody;Daping Hospital / Third Military Medical University;;PET;Bispecific;;Diagnostic;1;2026;2026;;NCT07440212;89Zr-AK112;Active;"IIT at Daping Hospital; Akeso Biosciences owns ivonescimab (AK112/SMT112); MTA likely required. Academic IIT radioimmunoconjugate.";https://www.akesobio.com/en/
J591;Ac-225;DOTA;PSMA;Full-length IgG;"Telix Pharmaceuticals; Weill Medical College of Cornell University";Direct conjugation;Alpha emitter;Full-length IgG;Tissue-restricted tumor antigen;Therapeutic;6;2017;2024;Phase 2;"NCT03276572; NCT04506567; NCT04576871; NCT04886986; NCT04946370; NCT06549465";"225Ac-J591; Ac-225 rosopatamab tetraxetan";;;
J591;In-111;DFO;PSMA;Full-length IgG;Memorial Sloan Kettering Cancer Center;Direct conjugation;SPECT;Full-length IgG;Tissue-restricted tumor antigen;Diagnostic;1;2001;2001;Phase 2;NCT00024232;huJ591;;;
J591;Lu-177;DOTA;PSMA;Full-length IgG;"Memorial Sloan Kettering Cancer Center / Weill Cornell; Telix Pharmaceuticals; Weill Medical College of Cornell University";Direct conjugation;Beta emitter;Full-length IgG;Tissue-restricted tumor antigen;Therapeutic;11;2004;2024;Phase 3;"NCT00081172; NCT00195039; NCT00538668; NCT00859781; NCT00916123; NCT00967577; NCT03545165; NCT04786847; NCT04876651; NCT05146973; NCT06520345";"177Lu-DOTA-J591; 177Lu-DOTA-TLX591; 177Lu-DOTA-rosopatamab; 177Lu-J591; 177Lu-TLX591";;;
J591;Zr-89;DFO;PSMA;Full-length IgG;"Memorial Sloan Kettering Cancer Center; Weill Medical College of Cornell University";Direct conjugation;PET;Full-length IgG;Tissue-restricted tumor antigen;Diagnostic;4;2012;2016;Phase 1/2;"NCT01543659; NCT02410577; NCT02552394; NCT02693860";"89Zr-DFO-huJ591; 89Zr-J591; huJ591";;;
JNJ-69086420;Ac-225;;hK2;Full-length IgG;Janssen Research & Development, LLC;;Alpha emitter;Full-length IgG;Tissue-restricted tumor antigen;Therapeutic;1;2020;2020;Phase 1;NCT04644770;JNJ-69086420;;;
KB004;Zr-89;DFO;EphA3;Full-length IgG;Humanigen, Inc.;Direct conjugation;PET;Full-length IgG;RTK;Diagnostic;1;2017;2017;Phase 1;NCT03374943;89Zr-KB004;Discontinued;"Humanigen KB004 anti-EphA3 antibody; Humanigen sold to Taran Therapeutics; KB004 program status unclear but development likely discontinued.";https://www.schgroup.com/press-release/scamph-capital-advises-humanigen-in-sale-to-taran-therapeutics/
KN035;Zr-89;DFO;PD-L1;Nanobody;"Alphamab Oncology; MITRO Biotech Co., Ltd.";Direct conjugation;PET;Small Ab-derived scaffold;Immune checkpoint;Diagnostic;2;2018;2021;;"NCT03638804; NCT04977128";89Zr-KN035;;;
L19;I-131;Direct radioiodination;EDB-fibronectin;scFv;Philogen S.p.A.;Direct radioiodination;Beta emitter;mAb Fragment;Stromal / ECM;Therapeutic;4;2008;2010;Phase 2;"EUCTR2007-007241-12-GB; NCT01124812; NCT01125085; NCT01242943";131I-L19SIP;;;
labetuzumab (MN-14);In-111;DOTA;CEA;Full-length IgG;Radboud University Medical Center;Direct conjugation;SPECT;Full-length IgG;Epithelial tumor-associated antigen;Diagnostic;1;2018;2018;Phase 1/2;NCT03699332;Indium-111-DOTA-Labetuzumab-IRDye800CW;;;
labetuzumab (MN-14);Y-90;DTPA;CEA;Full-length IgG;Gilead Sciences;Direct conjugation;Beta emitter;Full-length IgG;Epithelial tumor-associated antigen;Therapeutic;7;1998;2000;Phase 1/2;"NCT00004048; NCT00004085; NCT00004177; NCT00006347; NCT00006458; NCT00040599; NCT00041639";90Y-hMN-14 (labetuzumab);Discontinued;Y-90-labetuzumab tetraxetan (anti-CEA) developed by Immunomedics in Phase 1/2. Last activity ~2017. Asset transferred to Gilead via Immunomedics acquisition (2020).;https://www.gilead.com/news/news-details/2020/gilead-sciences-completes-acquisition-of-immunomedics-inc
labetuzumab (MN-14);"Y-90; I-131";DTPA;CEA;Full-length IgG;Gilead Sciences;Direct conjugation;Beta emitter;Full-length IgG;Epithelial tumor-associated antigen;Therapeutic;1;1997;1997;Phase 1/2;NCT00004087;90Y-hMN-14 (labetuzumab, 90Y);Discontinued;Y-90 and I-131 radiolabeled labetuzumab variants (anti-CEA) developed by Immunomedics. No active radiopharmaceutical development under Gilead post-acquisition (2020).;https://www.gilead.com/news/news-details/2020/gilead-sciences-completes-acquisition-of-immunomedics-inc
lilotomab;Lu-177;DOTA;CD37;Full-length IgG;Nordic Nanovector;Direct conjugation;Beta emitter;Full-length IgG;Hematologic lineage marker;Therapeutic;3;2017;2018;Phase 1;"NCT02657447; NCT02658968; NCT03806179";Betalutin (177Lu-lilotomab tetraxetan);Discontinued;"Nordic Nanovector BETALUTIN Phase 2/3 failed; Nordic Nanovector merged with APIM Therapeutics to form Thor Medical. BETALUTIN program discontinued.";https://pharmaphorum.com/news/nordic-nanovector-to-merge-with-apim-after-betalutin-fail
lilotomab;Lu-177;satetraxetan;CD37;Full-length IgG;Nordic Nanovector;Direct conjugation;Beta emitter;Full-length IgG;Hematologic lineage marker;Therapeutic;1;2012;2012;Phase 1/2;NCT01796171;Betalutin (177Lu-lilotomab satetraxetan);Discontinued;"Nordic Nanovector BETALUTIN (lilotomab satetraxetan) Phase 2/3 failed; company merged with APIM Therapeutics. Program discontinued.";https://pharmaphorum.com/news/nordic-nanovector-to-merge-with-apim-after-betalutin-fail
lintuzumab (HuM195);Ac-225;DOTA;CD33;Full-length IgG;Actinium Pharmaceuticals;Direct conjugation;Alpha emitter;Full-length IgG;Hematologic lineage marker;Therapeutic;7;2005;2026;Phase 1/2;"CTRI/2024/11/076470; NCT00672165; NCT02998047; NCT03867682; NCT03932318; NCT06802523; NCT06888323";"225Ac-HuM195; Lintuzumab-Ac-225; Lintuzumab-Ac225";;;
lintuzumab (HuM195);Ac-225;;CD33;Full-length IgG;Actinium Pharmaceuticals;Direct conjugation;Alpha emitter;Full-length IgG;Hematologic lineage marker;Therapeutic;4;2012;2026;Phase 1/2;"NCT02575963; NCT03441048; NCT03705858; NCT07422363";"225Ac-lintuzumab (Actimab-A); Actimab-A; Lintuzumab-Ac225";;;
lintuzumab (HuM195);Y-90;CHX-A''-DTPA;CD33;Full-length IgG;Memorial Sloan Kettering Cancer Center;Direct conjugation;Beta emitter;Full-length IgG;Hematologic lineage marker;Therapeutic;1;2000;2000;Phase 1;NCT00006040;90Y-HuM195;;;
lintuzumab (HuM195);Y-90;DOTA;CD33;Full-length IgG;Memorial Sloan Kettering Cancer Center;Direct conjugation;Beta emitter;Full-length IgG;Hematologic lineage marker;Therapeutic;1;1996;1996;Phase 1;NCT00002890;90Y-HuM195;;;
LNCab002 / LNCab072 / LNCab190;Zr-89;;HER2;;Affiliated Hospital of Jiangnan University;;PET;;RTK;Diagnostic;1;2025;2025;Early Phase 1;NCT07023861;89Zr-LNCab002 / 89Zr-LNCab072 / 89Zr-LNCab190;;;
LNCab104 / LNCab103;Zr-89;DFO;HER2;Antibody fragment;Affiliated Hospital of Jiangnan University;Direct conjugation;PET;mAb Fragment;RTK;Diagnostic;1;2025;2025;Early Phase 1;NCT07023848;89Zr-LNCab104 / 89Zr-LNCab103;;;
LNTH-2403;Lu-177;DOTA;LRRC15;Full-length IgG;Lantheus Medical Imaging;Direct conjugation;Beta emitter;Full-length IgG;Stromal / ECM;Therapeutic;1;2026;2026;Phase 1/2;NCT07357519;LNTH-2403;;;
Lym-1;I-131;Direct radioiodination;HLA-DR;Full-length IgG;Case Comprehensive Cancer Center;Direct radioiodination;Beta emitter;Full-length IgG;Other;Therapeutic;1;2001;2001;Phase 1;NCT00028613;131I-Lym-1;;;
Lym-1;Y-90;DOTA;HLA-DR;Full-length IgG;University of California, Davis;Direct conjugation;Beta emitter;Full-length IgG;Other;Therapeutic;1;2001;2001;Phase 1;NCT00008021;90Y-Lym-1;;;
Lym-1;"Y-90; In-111";DOTA;HLA-DR;Full-length IgG;University of California, Davis;Direct conjugation;Beta emitter;Full-length IgG;Other;Therapeutic;1;2001;2001;Phase 1;NCT00009776;90Y-Lym-1;;;
m170;Y-90;DOTA;MUC1;Full-length IgG;University of California Davis;Direct conjugation;Beta emitter;Full-length IgG;Epithelial tumor-associated antigen;Therapeutic;1;2001;2001;Phase 1;NCT00009750;90Y-DOTA-m170;;;
m170;Y-90;DTPA;;Full-length IgG;University of California, Davis;Direct conjugation;Beta emitter;Full-length IgG;;Therapeutic;1;1996;1996;Phase 1;NCT00003920;90Y-2IT-BAD-m170;;;
m170;"Y-90; In-111";DOTA;MUC1;Full-length IgG;University of California, Davis;Direct conjugation;Beta emitter;Full-length IgG;Epithelial tumor-associated antigen;Therapeutic;1;2001;2001;Phase 1;NCT00009763;90Y-DOTA-peptide-m170;;;
M5A;Ac-225;DOTA;CEA;Full-length IgG;City of Hope Medical Center;Direct conjugation;Alpha emitter;Full-length IgG;Epithelial tumor-associated antigen;Therapeutic;1;2022;2022;Phase 1;NCT05204147;Ac225-DOTA-M5A;;;
M5A;Cu-64;DOTA;CEA;Full-length IgG;City of Hope Medical Center;Direct conjugation;PET;Full-length IgG;Epithelial tumor-associated antigen;Diagnostic;2;2015;2022;Early Phase 1;"NCT02293954; NCT05245786";"64Cu-M5A; 64Cu-labeled M5A antibody";;;
M5A;I-124;Direct radioiodination;CEA;Full-length IgG;City of Hope Medical Center;Direct radioiodination;PET;Full-length IgG;Epithelial tumor-associated antigen;Diagnostic;1;2020;2020;Phase 1;NCT03993327;I-124 M5A;;;
M5A;Y-90;DOTA;CEA;Full-length IgG;City of Hope Medical Center;Direct conjugation;Beta emitter;Full-length IgG;Epithelial tumor-associated antigen;Therapeutic;3;2006;2011;Phase 2;"NCT00645060; NCT01205022; NCT01320683";90Y-DOTA-M5A;;;
M7824;Zr-89;DFO;"PD-L1; TGF-β";Bispecific antibody;Merck Healthcare KGaA;Direct conjugation;PET;Bispecific;Immune checkpoint;Diagnostic;1;2020;2020;Phase 1/2;NCT04297748;89Zr-M7824;Unknown;"M7824 (bintrafusp alfa) owned by Merck KGaA; GSK co-development alliance ended. Merck Healthcare KGaA = Merck KGaA (same entity). No recent Zr-89 imaging trial activity.";https://www.emdgroup.com/en/news/m7824-2019-02-05.html
MAB-425 (Anti-EGFR-425);I-125;Direct radioiodination;EGFR;Full-length IgG;"Drexel University; Drexel University College of Medicine";Direct radioiodination;SPECT;Full-length IgG;RTK;Diagnostic;2;1985;2010;Phase 2;"NCT00589706; NCT01317888";125I-MAB-425;;;
Metuximab;I-131;Direct radioiodination;HAb18G/CD147;Full-length IgG;China (likely Chengdu Huasun Technology);Direct radioiodination;Beta emitter;Full-length IgG;Other tumor surface antigen;Therapeutic;1;2008;2008;Phase 4;NCT00829465;Licartin (I-131-Metuximab);;;
MMOT0530A;Zr-89;DFO;Mesothelin;Full-length IgG;Genentech;Direct conjugation;PET;Full-length IgG;Other tumor surface antigen;Diagnostic;1;2013;2013;Phase 1;NCT01832116;89Zr-MMOT0530A;;;
MNPR-101;Lu-177;PCTA;uPAR;Full-length IgG;Monopar Therapeutics;Direct conjugation;Beta emitter;Full-length IgG;Other tumor surface antigen;Therapeutic;1;2025;2025;;NCT06980519;MNPR-101-PCTA-177Lu;;;
MNPR-101;Zr-89;DFO;uPAR;Full-length IgG;Monopar Therapeutics;Direct conjugation;PET;Full-length IgG;Other tumor surface antigen;Diagnostic;1;2024;2024;Phase 1;NCT06337084;MNPR-101-DFO*-89Zr;;;
MNPR-101;Zr-89;DFO*;uPAR;Full-length IgG;Monopar Therapeutics;Direct conjugation;PET;Full-length IgG;Other tumor surface antigen;Diagnostic;1;2025;2025;;NCT06980506;MNPR-101-DFO*-89Zr;;;
MPDL3280A;Zr-89;DFO;PD-L1;Full-length IgG;Roche/Genentech;Direct conjugation;PET;Full-length IgG;Immune checkpoint;Diagnostic;1;2016;2016;;NCT02453984;89Zr-MPDL3280A;;;
MS3;Ga-68;NOTA;Mesothelin;Antibody fragment;Union Hospital, Tongji Medical College, Huazhong University of Science and Technology;Direct conjugation;PET;mAb Fragment;Other tumor surface antigen;Diagnostic;1;2024;2024;;NCT06843629;[68Ga]Ga-NOTA-MSLN antibody fragment;;;
MSTP2109A;Zr-89;DFO;STEAP1;Full-length IgG;Genentech;Direct conjugation;PET;Full-length IgG;Tissue-restricted tumor antigen;Diagnostic;1;2013;2013;Phase 1/2;NCT01774071;89Zr-DFO-MSTP2109A;Discontinued;"Genentech-supplied antibody; MSK ran Phase 1/2 PET trial (NCT01774071, completed). Genentech = Roche subsidiary; DB owner 'Genentech' is correct. No active trials.";https://www.ncbi.nlm.nih.gov/pmc/articles/PMC8176438/
Mu 11-1F4;I-124;Direct radioiodination;Amyloid fibrils;Full-length IgG;University of Tennessee;Direct radioiodination;PET;Full-length IgG;Amyloid;Diagnostic;2;2008;2008;Phase 1;"NCT00807872; NCT01409148";124I-Mu 11-1F4;;;
muJ591;I-131;Direct radioiodination;PSMA;Full-length IgG;Memorial Sloan Kettering Cancer Center;Direct radioiodination;Beta emitter;Full-length IgG;Tissue-restricted tumor antigen;Therapeutic;1;2000;2000;Phase 1;NCT00006380;131I-muJ591;;;
MX35;At-211;Direct radioastatination;NaPi2b;F(ab')2 fragment;Vastra Gotaland Region / Sahlgrenska University Hospital;Direct radiohalogenation;Alpha emitter;mAb Fragment;Tissue-restricted tumor antigen;Therapeutic;1;2005;2005;Early Phase 1;NCT04461457;211At-MX35 F(ab')2;;;
MY6349;Ga-68;DOTA;Trop-2;Full-length IgG;"Shanghai Novamab Biopharmaceuticals Co. Ltd; The First Affiliated Hospital of Xiamen University";Direct conjugation;PET;Full-length IgG;Epithelial tumor-associated antigen;Diagnostic;2;2023;2025;;"NCT06188468; NCT07151898";68Ga-MY6349;;;
MY6349;Ga-68;THP;Trop-2;Nanobody;"Not disclosed (academic — Deling Li); The First Affiliated Hospital of Xiamen University";Direct conjugation;PET;Small Ab-derived scaffold;Epithelial tumor-associated antigen;Diagnostic;3;2024;2025;;"NCT06465017; NCT07046689; NCT07177482";"68Ga-MY6349; 68Ga-THP-Trop2 VHH";;;
MY6349;Tc-99m;HYNIC;Trop-2;Nanobody;Peking Union Medical College Hospital;Direct conjugation;SPECT;Small Ab-derived scaffold;Epithelial tumor-associated antigen;Diagnostic;1;2023;2023;;NCT06104085;99mTc-MY6349;;;
NB381;Ga-68;3,2-HOPO;CD38;Nanobody;Peking University First Hospital;Direct conjugation;PET;Small Ab-derived scaffold;Hematologic lineage marker;Diagnostic;1;2024;2024;Early Phase 1;NCT06385652;68Ga-NB381;;;
NM-01;Tc-99m;HYNIC;PD-L1;Nanobody;"Lantheus Holdings; Radiopharm Theranostics";Direct conjugation;SPECT;Small Ab-derived scaffold;Immune checkpoint;Diagnostic;2;2020;2022;Phase 2;"NCT04436406; NCT04992715";[99mTc]-NM-01;Active;NanoMab licensed ex-China imaging rights to Lantheus (2019, Phase 2 PELICAN trial). Radiopharm acquired worldwide therapeutic IP + China imaging rights (August 2022).;https://www.prnewswire.com/news-releases/radiopharm-enters-into-strategic-collaboration-with-lantheus-and-assumes-pd-l1-licensing-agreement-from-nanomab-301599563.html
NM-01;"Tc-99m; Ga-68";NODAGA;PD-L1;Nanobody;"Lantheus Holdings; Radiopharm Theranostics";Direct conjugation;PET;Small Ab-derived scaffold;Immune checkpoint;Diagnostic;1;2018;2018;Early Phase 1;NCT02978196;99mTc-NM-01 / 68Ga-NM-01;Active;NanoMab licensed ex-China imaging rights to Lantheus (2019). Radiopharm acquired worldwide therapeutic IP + China imaging rights (2022). NanoMab retains originator/collaborator role.;https://www.prnewswire.com/news-releases/radiopharm-enters-into-strategic-collaboration-with-lantheus-and-assumes-pd-l1-licensing-agreement-from-nanomab-301599563.html
NM-02;Tc-99m;Direct radioiodination;HER2;Nanobody;Radiopharm Theranostics Ltd;Direct conjugation;SPECT;Small Ab-derived scaffold;RTK;Diagnostic;1;2020;2020;Early Phase 1;NCT04674722;99mTc/188Re-NM-02;Active;NM-02 (RAD202) licensed to Radiopharm Theranostics in January 2022 with full global IP rights. NanoMab Technology (UK) retains collaborator role only.;https://www.proactiveinvestors.co.uk/companies/news/971887/radiopharm-theranostics-acquires-ip-for-three-cancer-fighting-nanobodies-targeting-solid-tumours-971887.html
OKT10-B10;At-211;Direct radioastatination;CD38;Full-length IgG;Fred Hutchinson Cancer Center;Direct radiohalogenation;Alpha emitter;Full-length IgG;Hematologic lineage marker;Therapeutic;1;2024;2024;Phase 1;NCT04466475;211At-OKT10-B10;;;
OKT10-B10;At-211;Direct radioiodination;CD38;Full-length IgG;Fred Hutchinson Cancer Center;Direct radiohalogenation;Alpha emitter;Full-length IgG;Hematologic lineage marker;Therapeutic;1;2026;2026;Phase 1;NCT04579523;211At-OKT10-B10;;;
olaratumab;Zr-89;DFO*;PDGFRα;Full-length IgG;Telix Pharmaceuticals;Direct conjugation;PET;Full-length IgG;Vascular / angiogenesis;Diagnostic;1;2024;2024;Phase 1;NCT06537596;89Zr-DFOsq-olaratumab (89Zr-TLX300-CDx);;;
omburtamab (8H9);I-124;Direct radioiodination;B7-H3;Full-length IgG;SERB Pharmaceuticals;Direct radioiodination;PET;Full-length IgG;Immune checkpoint;Diagnostic;1;2011;2011;Phase 1;NCT01502917;124I-omburtamab;Active;I-124-omburtamab used for dosimetry/patient selection alongside I-131 therapy. Y-mAbs program acquired by SERB Pharmaceuticals (August 2024).;https://serb.com/news/serb-pharmaceuticals-completes-acquisition-of-y-mabs-therapeutics/
omburtamab (8H9);I-131;Direct radioiodination;B7-H3;Full-length IgG;SERB Pharmaceuticals;Direct radioiodination;Beta emitter;Full-length IgG;Immune checkpoint;Therapeutic;8;2004;2022;Phase 2/3;"JPRN-jRCT2021200024; NCT00089245; NCT01099644; NCT03275402; NCT04022213; NCT04743661; NCT05063357; NCT05064306";"131I-8H9 (131I-omburtamab); 131I-omburtamab";Unknown;"Omburtamab I-131 developed at MSK, licensed to Y-mAbs; BLA refused by FDA (2020-2022). Acquired by SERB Pharmaceuticals (August 2024). Current regulatory/development path unclear.";https://ir.ymabs.com/news-releases/news-release-details/serb-pharmaceuticals-completes-acquisition-y-mabs-therapeutics/
omburtamab (8H9);Lu-177;DTPA;B7-H3;Full-length IgG;SERB Pharmaceuticals;Direct conjugation;Beta emitter;Full-length IgG;Immune checkpoint;Therapeutic;2;2021;2022;Phase 1/2;"NCT04167618; NCT04315246";177Lu-DTPA-omburtamab;Active;Lu-177-omburtamab-DTPA in multicenter Phase 1 for refractory medulloblastoma. Y-mAbs program acquired by SERB Pharmaceuticals (August 2024).;https://serb.com/news/serb-pharmaceuticals-completes-acquisition-of-y-mabs-therapeutics/
OTSA101;Y-90;DTPA;FZD10;Full-length IgG;OncoTherapy Science;Direct conjugation;Beta emitter;Full-length IgG;Other tumor surface antigen;Therapeutic;2;2011;2020;Phase 1;"NCT01469975; NCT04176016";OTSA101-DTPA-90Y;;;
panitumumab;In-111;DOTA;EGFR;Full-length IgG;Vanderbilt-Ingram Cancer Center;Direct conjugation;SPECT;Full-length IgG;RTK;Diagnostic;2;2023;2023;Phase 1;"NCT05901545; NCT05945875";"111In-panitumumab; Indium In 111 Panitumumab + Panitumumab-IRDye800";;;
panitumumab;Zr-89;DFO;EGFR;Full-length IgG;"Stanford University; University of Alabama at Birmingham; Vanderbilt University Medical Center (Eben Rosenthal)";Direct conjugation;PET;Full-length IgG;RTK;Diagnostic;5;2019;2026;Phase 2;"NCT03733210; NCT04833959; NCT05183048; NCT05423197; NCT05747625";"89Zr-Panitumumab; 89Zr-panitumumab";Active;"IIT by multiple academic centers (Stanford, UAB, Vanderbilt); Amgen antibody, commercially available.";https://pubmed.ncbi.nlm.nih.gov/35929985/
Patritumab (U3-1402);Zr-89;DFO;HER3;Full-length IgG;Netherlands Cancer Institute;Direct conjugation;PET;Full-length IgG;RTK;Diagnostic;1;2025;2025;Phase 2;NCT06222489;89Zr-patritumab deruxtecan;Active;"IIT at Netherlands Cancer Institute (NKI); Daiichi Sankyo/Merck own patritumab; Zr-89 companion diagnostic program is academic IIT.";https://clinicaltrials.gov/study/NCT06222489
pelgifatamab;Ac-225;macropa;PSMA;Full-length IgG;Bayer;Direct conjugation;Alpha emitter;Full-length IgG;Tissue-restricted tumor antigen;Therapeutic;1;2023;2023;Phase 1;NCT06052306;Actinium-225-macropa-pelgifatamab (BAY3546828);;;
pelgifatamab;Th-227;3,2-HOPO;PSMA;Full-length IgG;Bayer;Direct conjugation;Alpha emitter;Full-length IgG;Tissue-restricted tumor antigen;Therapeutic;1;2018;2018;Phase 1;NCT03724747;BAY2315497;;;
pembrolizumab;Cu-64;DOTA;PD-1;Full-length IgG;City of Hope Medical Center;Direct conjugation;PET;Full-length IgG;Immune checkpoint;Diagnostic;1;2023;2023;Early Phase 1;NCT05728372;64Cu-DOTA-pembrolizumab;;;
PGN650;I-124;Direct radioiodination;Phosphatidylserine;F(ab')2 fragment;Oncologie, Inc.;Direct radioiodination;PET;mAb Fragment;Vascular / angiogenesis;Diagnostic;1;2012;2012;Early Phase 1;NCT01632696;I-124 PGN650;Unknown;PGN650 (124I-labeled PS-targeting antibody) was part of Peregrine/Avid PS program. Avid assigned all PS-targeting assets to Oncologie, Inc. in February 2018.;https://www.globenewswire.com/news-release/2018/02/12/1339025/0/en/Avid-Bioservices-and-Oncologie-Enter-Into-Asset-Assignment-and-Purchase-Agreement-for-Avid-s-PS-Targeting-Program-Including-Bavituximab.html
R8B4;"Ga-68; F-18";"RESCA (F-18); NOTA (Ga-68)";CD70;Nanobody;RenJi Hospital;Direct conjugation;PET;Small Ab-derived scaffold;Other tumor surface antigen;Diagnostic;1;2024;2024;;NCT06852638;"[18F]F-RESCA-RCCB6; [18F]F-RESCA-R8B4; [18F]F-RESCA-RD06; [68Ga]Ga-NOTA-R8B4";;;
RAD202;Lu-177;DOTA;HER2;Nanobody;Radiopharm Theranostics, Ltd;Direct conjugation;Beta emitter;Small Ab-derived scaffold;RTK;Therapeutic;1;2025;2025;Early Phase 1;NCT06824155;177Lu-RAD202;;;
RAD204;Lu-177;;PD-L1;Nanobody;Radiopharm Theranostics, Ltd;;Beta emitter;Small Ab-derived scaffold;Immune checkpoint;Therapeutic;1;2024;2024;Early Phase 1;NCT06305962;177Lu-RAD204;;;
RAD402;Tb-161;DOTA;KLK3 (free PSA);Full-length IgG;Radiopharm Theranostics, Ltd;Direct conjugation;Beta emitter;Full-length IgG;Tissue-restricted tumor antigen;Therapeutic;1;2026;2026;Phase 1/2;NCT07259213;161Tb-RAD402;;;
RB14;"Ga-68; F-18";"DOTA (Ga-68); RESCA (F-18)";HER2;Nanobody;RenJi Hospital;Direct conjugation;PET;Small Ab-derived scaffold;RTK;Diagnostic;1;2024;2024;;NCT06715839;"[68Ga]Ga-DOTA-H2D3; [18F]F-RESCA-RB14";;;
RCCB6;F-18;CHX-A''-DTPA;CD70;Nanobody;RenJi Hospital;AlF-RESCA chelation (amine coupling);PET;Small Ab-derived scaffold;Other tumor surface antigen;Diagnostic;1;2024;2024;Phase 2;NCT06680089;[18F]RCCB6;;;
RCCB6;Ga-68;NOTA;CD70;Nanobody;Xijing Hospital;Direct conjugation;PET;Small Ab-derived scaffold;Other tumor surface antigen;Diagnostic;1;2024;2024;;NCT06769893;68Ga-NOTA-RCCB6;;;
RCCB6;"Ga-68; F-18";"RESCA (F-18); NOTA (Ga-68)";CD70;Nanobody;RenJi Hospital;Direct conjugation;PET;Small Ab-derived scaffold;Other tumor surface antigen;Diagnostic;1;2024;2024;;NCT06852638;"[18F]F-RESCA-RCCB6; [18F]F-RESCA-R8B4; [18F]F-RESCA-RD06; [68Ga]Ga-NOTA-R8B4";;;
RD06;"Ga-68; F-18";"RESCA (F-18); NOTA (Ga-68)";CD70;Nanobody;RenJi Hospital;Direct conjugation;PET;Small Ab-derived scaffold;Other tumor surface antigen;Diagnostic;1;2024;2024;;NCT06852638;"[18F]F-RESCA-RCCB6; [18F]F-RESCA-R8B4; [18F]F-RESCA-RD06; [68Ga]Ga-NOTA-R8B4";;;
REGN3504;Zr-89;DFO;PD-L1;Full-length IgG;Regeneron Pharmaceuticals;Direct conjugation;PET;Full-length IgG;Immune checkpoint;Diagnostic;1;2019;2019;Phase 1;NCT03746704;89Zr-DFO-REGN3504;;;
REGN3767;Zr-89;DFO;LAG-3;Full-length IgG;Regeneron Pharmaceuticals;Direct conjugation;PET;Full-length IgG;Immune checkpoint;Diagnostic;2;2020;2022;Phase 1/2;"NCT04566978; NCT04706715";89Zr-DFO-REGN3767;Active;"Regeneron anti-LAG-3 antibody (fianlimab); NCT04706715 ACTIVE_NOT_RECRUITING.";https://investor.regeneron.com/news-releases/news-release-details/regeneron-reports-first-quarter-2024-financial-and-ope
REGN5054;Zr-89;DFO;CD8;Full-length IgG;Regeneron Pharmaceuticals;Direct conjugation;PET;Full-length IgG;Immune cell imaging marker;Diagnostic;1;2023;2023;Phase 1;NCT05259709;89Zr-DFO-REGN5054;Active;"Regeneron-sponsored; NCT05498428 RECRUITING as of 2026-03-25.";https://investor.regeneron.com/news-releases/news-release-details/regeneron-enters-asset-purchase-agreement-acquire-23an
rituximab;Cu-64;DOTA;CD20;Full-length IgG;Stanford University;Direct conjugation;PET;Full-length IgG;Hematologic lineage marker;Diagnostic;1;2012;2012;;NCT01598558;64Cu-DOTA-Rituximab;;;
rituximab;I-131;Direct radioiodination;CD20;Full-length IgG;"Korea Cancer Center Hospital; Korea Institute of Radiological and Medical Sciences (KIRAMS)";Direct radioiodination;Beta emitter;Full-length IgG;Hematologic lineage marker;Therapeutic;5;2005;2012;Phase 2;"ACTRN12605000236695; ACTRN12607000153415; NCT01676558; NCT01678404; NCT01678417";131I-rituximab;;;
rituximab;Lu-177;DOTA;CD20;Full-length IgG;Boushehr University of Medical Sciences;Direct conjugation;Beta emitter;Full-length IgG;Hematologic lineage marker;Therapeutic;1;2021;2021;;IRCT20210612051548N4;177Lu-DOTA-RITUXIMAB;;;
rituximab;Zr-89;DFO;CD20;Full-length IgG;Amsterdam UMC (VUmc);Direct conjugation;PET;Full-length IgG;Hematologic lineage marker;Diagnostic;1;2014;2014;Phase 2/3;NCT02251964;89Zr-rituximab;;;
RO5323441;Zr-89;DFO;PlGF (Placental Growth Factor);Full-length IgG;Roche/Genentech;Direct conjugation;PET;Full-length IgG;Vascular / angiogenesis;Diagnostic;1;2014;2014;Phase 2;NCT01622764;89Zr-RO5323441;;;
RO5479599;Zr-89;DFO;HER3;Full-length IgG;Hoffmann-La Roche;Direct conjugation;PET;Full-length IgG;RTK;Diagnostic;1;2011;2011;Phase 1;NCT01482377;89Zr-RO5479599;;;
RT4 / RB14;F-18;RESCA;"Trop-2; HER2";Nanobody;RenJi Hospital;Direct conjugation;PET;Small Ab-derived scaffold;Epithelial tumor-associated antigen;Diagnostic;1;2024;2024;Phase 1/2;NCT06715826;[18F]F-RESCA-RT4 / [18F]F-RESCA-RB14;;;
S095012;Zr-89;DFO;"PD-L1; CD137";Bispecific antibody;Institut de Recherches Internationales Servier;Direct conjugation;PET;Bispecific;Immune checkpoint;Diagnostic;1;2022;2022;Phase 1;NCT05638334;89Zr-S095012;;;
SC16.56;Zr-89;DFO;DLL3;Full-length IgG;Memorial Sloan Kettering Cancer Center;Direct conjugation;PET;Full-length IgG;Other tumor surface antigen;Diagnostic;1;2019;2019;Phase 1/2;NCT04199741;89Zr-DFO-SC16.56;;;
SCH001;Ga-68;NOTA;CD38;;The First Affiliated Hospital of Soochow University;Direct conjugation;PET;;Hematologic lineage marker;Diagnostic;1;2025;2025;;NCT06925958;68Ga-NOTA-SCH001;;;
SHR1920;"Zr-89; F-18; Ga-68";"DFO (Zr-89); RESCA (F-18); NOTA (Ga-68)";"Trop-2; Unknown";Full-length IgG;RenJi Hospital / Hengrui Medicine;Direct conjugation;PET;Full-length IgG;Epithelial tumor-associated antigen;Diagnostic;1;2024;2024;;NCT06602037;"[89Zr]Zr-DFO-SHR1920; [18F]F-RESCA-3A12; [68Ga]Ga-NOTA-3A12";Active;"SHR1920 = Hengrui anti-HER2 antibody; trials run by RenJi Hospital as IIT but Hengrui as antibody developer is involved.";https://www.hengrui.com/en/media/detail-834.html
SNA002;Ga-68;NOTA;PD-L1;Nanobody;SmartNuclide Biopharma;Direct conjugation;PET;Small Ab-derived scaffold;Immune checkpoint;Diagnostic;1;2023;2023;Phase 1;NCT05989997;68Ga-NOTA-SNA002;;;
T4 / RT4;"Ga-68; F-18";NOTA / RESCA;Trop-2;Nanobody;Renji Hospital, School of Medicine, Shanghai Jiao Tong University;Direct conjugation;PET;Small Ab-derived scaffold;Epithelial tumor-associated antigen;Diagnostic;1;2024;2024;Phase 2/3;NCT06851663;[68Ga]Ga-NOTA-T4 / [68Ga]Ga-NOTA-RT4 / [18F]F-RESCA-T4 / [18F]F-RESCA-RT4;;;
T4, RT4 (Trop2-targeting);"Ga-68; F-18";NOTA (Ga-68), RESCA/AlF (F-18);"Trop-2; EpCAM";Nanobody;RenJi Hospital;Direct conjugation;PET;Small Ab-derived scaffold;Epithelial tumor-associated antigen;Diagnostic;1;2024;2024;;NCT07026110;[68Ga]Ga-NOTA-T4, [68Ga]Ga-NOTA-RT4, [18F]F-RESCA-T4, [18F]F-RESCA-RT4, [68Ga]Ga-NOTA-EPCD6, [18F]F-RESCA-EPCD6;;;
tenatumomab;I-131;Direct radioiodination;Tenascin-C;Full-length IgG;Alfasigma S.p.A.;Direct radioiodination;Beta emitter;Full-length IgG;Stromal / ECM;Therapeutic;1;2015;2015;Phase 1;NCT02602067;131I-tenatumomab;Discontinued;"Tenatumomab-I-131 (anti-tenascin) originally developed by Sigma-Tau; Phase 1 trial 2015. Sigma-Tau merged with Leadiant/Alfasigma in 2017. No further development evidence.";https://adisinsight.springer.com/drugs/800043778
TF2;Ga-68;DOTA;CEA;Bispecific antibody;Gilead Sciences;Biotin-streptavidin pretargeting;PET;Bispecific;Epithelial tumor-associated antigen;Diagnostic;3;2012;2016;Phase 2;"NCT01730612; NCT01730638; NCT02587247";"TF2 + 68Ga-IMP-288; TF2 / 68Ga-IMP288 (ImmunoTEP); TF2/68Ga-IMP-288";Unknown;"TF2 anti-CEA bispecific used in pretargeted immunoPET with Ga-68-IMP-288. Phase 2 trials conducted 2012-2016 (Nantes/Immunomedics). Asset passed to Gilead (2020); status unknown.";https://www.gilead.com/news/news-details/2020/gilead-sciences-completes-acquisition-of-immunomedics-inc
TF2;I-131;Direct radioiodination;CEA;Bispecific antibody;Garden State Cancer Center at the Center for Molecular Medicine and Immunology;Bispecific pretargeting;Beta emitter;Bispecific;Epithelial tumor-associated antigen;Therapeutic;1;2008;2008;Phase 1;NCT00895323;I-131-TF2;;;
TF2;"Lu-177; In-111";DOTA;CEA;Bispecific antibody;Gilead Sciences;Bispecific pretargeting;Beta emitter;Bispecific;Epithelial tumor-associated antigen;Therapeutic;2;2009;2011;Phase 1/2;"NCT00860860; NCT01221675";"TF2 / 177Lu-IMP-288 (PRAIT); TF2 / 177Lu-IMP-288 (PRIT)";Unknown;"TF2 bispecific antibody (IBC Pharmaceuticals / Immunomedics) used in pretargeted RIT. Gilead acquired Immunomedics October 2020; TF2 Lu-177/In-111 theranostic pair not continued.";https://www.gilead.com/news/news-details/2020/gilead-sciences-completes-acquisition-of-immunomedics-inc
TF2;Y-90;DOTA;CEA;Bispecific antibody;Nantes University Hospital;Bispecific pretargeting;Beta emitter;Bispecific;Epithelial tumor-associated antigen;Therapeutic;1;2015;2015;Phase 1/2;NCT02300922;TF2 / 90Y-IMP288 (RITCOLON);;;
TF2;"Y-90; In-111";DOTA;CEA;Bispecific antibody;Immunomedics;Bispecific pretargeting;Beta emitter;Bispecific;Epithelial tumor-associated antigen;Therapeutic;1;2011;2011;Phase 1;NCT01273402;TF2/IMP-288 (90Y pretargeted);Discontinued;Pretargeted RIT theranostic pair (Y-90 therapeutic + In-111 diagnostic). TF2 bispecific antibody program acquired by Gilead via Immunomedics (2020). Gilead has not continued the TF2 development program.;https://www.gilead.com/news/news-details/2020/gilead-sciences-completes-acquisition-of-immunomedics-inc
tositumomab;I-131;Direct radioiodination;CD20;Full-length IgG;"Corixa Corporation; Corixa Corporation / GlaxoSmithKline; GlaxoSmithKline";Direct radioiodination;Beta emitter;Full-length IgG;Hematologic lineage marker;Therapeutic;50;1995;2011;Phase 3;"NCT00003784; NCT00004874; NCT00006695; NCT00006721; NCT00022880; NCT00022893; NCT00022906; NCT00022932; NCT00022945; NCT00022958; NCT00062894; NCT00073918; NCT00073931; NCT00078598; NCT00098566; NCT00107380; NCT00110071; NCT00135200; NCT00240565; NCT00240578; NCT00240591; NCT00268203; NCT00268983; NCT00315731; NCT00329030; NCT00434629; NCT00475332; NCT00476047; NCT00479167; NCT00484874; NCT00490009; NCT00490490; NCT00577629; NCT00770224; NCT00777114; NCT00933335; NCT00938041; NCT00950755; NCT00989664; NCT00992758; NCT00992992; NCT00996593; NCT00996996; NCT01224821; NCT01389076; NCT01484093; NCT01573000; NCT01663714; NCT01868035; NCT01988272";"131I-tositumomab; I-131 tositumomab (Bexxar); Iodine-131 Anti-B1 Antibody (Bexxar); Tositumomab I-131";;;
tositumomab (anti-B1);I-131;Direct radioiodination;CD20;Full-length IgG;GlaxoSmithKline;Direct radioiodination;Beta emitter;Full-length IgG;Hematologic lineage marker;Therapeutic;1;1990;1990;Phase 1;NCT01536561;Tositumomab and Iodine I-131 Tositumomab (Bexxar);;;
trastuzumab;Cu-64;DOTA;HER2;Full-length IgG;"City of Hope Medical Center; Memorial Sloan Kettering Cancer Center";Direct conjugation;PET;Full-length IgG;RTK;Diagnostic;6;2007;2022;Phase 4;"NCT00605397; NCT01093612; NCT01939275; NCT02226276; NCT02827877; NCT05376878";"64Cu-DOTA-Trastuzumab; 64Cu-DOTA-trastuzumab; 64Cu-trastuzumab; Copper Cu 64-DOTA-Trastuzumab";;;
trastuzumab;In-111;DOTA;HER2;Full-length IgG;Tagworks Pharmaceuticals BV;Click chemistry pretargeting;SPECT;Full-length IgG;RTK;Diagnostic;1;2025;2025;Early Phase 1;NCT07009184;[111In]In-DOTA-TCO-trastuzumab (TGW211);;;
trastuzumab;Lu-177;;HER2;Full-length IgG;;Direct conjugation;Beta emitter;Full-length IgG;RTK;Therapeutic;1;2023;2023;;CTRI/2023/05/053068;Lu-177 trastuzumab;;;
trastuzumab;Pb-212;TCMC;HER2;Full-length IgG;Orano Med LLC;Direct conjugation;Alpha emitter;Full-length IgG;RTK;Therapeutic;1;2011;2011;Phase 1;NCT01384253;212Pb-TCMC-Trastuzumab;;;
trastuzumab;Th-227;3,2-HOPO;HER2;Full-length IgG;Bayer;Direct conjugation;Alpha emitter;Full-length IgG;RTK;Therapeutic;1;2020;2020;Phase 1;NCT04147819;BAY2701439;Unknown;"Bayer program (BAY2701439); Phase 1 trial NCT04147819 completed. No subsequent trials registered as of 2026-03-25.";https://www.mdpi.com/2072-6694/15/13/3419
trastuzumab;Zr-89;DFO;HER2;Full-length IgG;"Centre hospitalier universitaire de Sherbrooke; Jules Bordet Institute; Memorial Sloan Kettering Cancer Center; The Netherlands Cancer Institute; University Medical Center Groningen; University of Alabama at Birmingham; University of Groningen; Washington University School of Medicine";Direct conjugation;PET;Full-length IgG;RTK;Diagnostic;13;2010;2026;Phase 2;"NCT01081600; NCT01420146; NCT01565200; NCT01832051; NCT01957332; NCT02023996; NCT02065609; NCT03321045; NCT04757090; NCT06595563; NCT06732336; NCT07294430; NCT07436858";"89Zr-DFO-trastuzumab; 89Zr-Df-Trastuzumab; 89Zr-Trastuzumab; 89Zr-trastuzumab; [89Zr]-Trastuzumab";Active;"Public domain antibody (IP expired ~2014 EU, ~2019 US); independently radiolabeled by multiple academic centers (IIT). No single commercial owner.";https://jnm.snmjournals.org/content/67/1/160
trastuzumab;Zr-89;DFO*;HER2;Full-length IgG;Amsterdam UMC;Direct conjugation;PET;Full-length IgG;RTK;Diagnostic;1;2023;2023;Phase 1;NCT05955833;89Zr-DFO*-trastuzumab;Active;"Amsterdam UMC IIT; DFO* (modified desferrioxamine) yields a chemically distinct radiopharmaceutical from the standard DFO variant.";https://jnm.snmjournals.org/content/early/2025/06/05/jnumed.124.2689
trastuzumab / pertuzumab;Zr-89;DFO;HER2;Full-length IgG;Memorial Sloan Kettering Cancer Center;Direct conjugation;PET;Full-length IgG;RTK;Diagnostic;1;2014;2014;;NCT02286843;89Zr-trastuzumab / 89Zr-pertuzumab;;;
U3-1287;Cu-64;DOTA;HER3;Full-length IgG;Daiichi Sankyo;Direct conjugation;PET;Full-length IgG;RTK;Diagnostic;1;2012;2012;Phase 1;NCT01479023;64Cu-DOTA-U3-1287;;;
vofatamab;Ac-225;bifunctional chelate;FGFR3;Full-length IgG;AstraZeneca;Direct conjugation;Alpha emitter;Full-length IgG;RTK;Therapeutic;1;2022;2022;Phase 1/2;NCT05363605;[225Ac]-FPI-1966;Active;"Vofatamab-Ac-225 (FPI-1966, FGFR3-targeting) developed by Fusion Pharmaceuticals; transferred to AstraZeneca via acquisition June 2024. Phase 1/2 trial NCT05363605 active.";https://www.astrazeneca.com/media-centre/press-releases/2024/acquisition-of-fusion-completed.html
VRC01;Zr-89;DFO;HIV gp120;Full-length IgG;University of California, San Francisco / NIH VRC;Direct conjugation;PET;Full-length IgG;Other;Diagnostic;1;2018;2018;Phase 1;NCT03729752;89Zr-DFO-VRC01;;;
YS5;Zr-89;DFO;CD46;Full-length IgG;"Fortis Therapeutics, Inc.; Robert Flavell, MD, PhD / University of California, San Francisco";Direct conjugation;PET;Full-length IgG;Other tumor surface antigen;Diagnostic;2;2022;2023;Phase 1;"NCT05245006; NCT05892393";"89Zr-DFO-YS5; [89Zr]DFO-YS5";;;
ZED88082A;Zr-89;DFO;CD8;One-armed antibody;Genentech;Direct conjugation;PET;mAb Fragment;Immune cell imaging marker;Diagnostic;1;2019;2019;Phase 1/2;NCT04029181;Anti-CD8 89Zr-labeled imaging agent;;;
